Zeit_s;Weg_mm
12.8774;0.0913
12.8808;0.0913
12.8842;0.0913
12.8882;0.0913
12.8976;0.0913
12.8978;0.0913
12.9016;0.0913
12.9065;0.0913
12.9116;0.0913
12.9171;0.0913
12.9315;0.0913
12.9320;0.0913
12.9363;0.0913
12.9388;0.0913
12.9447;0.0913
12.9501;0.0913
12.9516;0.0913
12.9566;0.0913
12.9616;0.0913
12.9666;0.0913
12.9717;0.0913
12.9769;0.0913
12.9816;0.0913
13.0003;0.0913
13.0052;0.0913
13.0071;0.0913
13.0098;0.0913
13.0145;0.0913
13.0190;0.0913
13.0192;0.0913
13.0216;0.0913
13.0265;0.0913
13.0315;0.0913
13.0367;0.0913
13.0419;0.0913
13.0468;0.0913
13.0607;0.0913
13.0638;0.0913
13.0655;0.0913
13.0666;0.0913
13.0773;0.0913
13.0775;0.0913
13.0816;0.0913
13.0866;0.0913
13.0916;0.0913
13.0967;0.0913
13.1016;0.0913
13.1068;0.0913
13.1202;0.0913
13.1233;0.0913
13.1250;0.0913
13.1276;0.0913
13.1369;0.0913
13.1371;0.0913
13.1418;0.0913
13.1466;0.0913
13.1517;0.0913
13.1568;0.0913
13.1621;0.0913
13.1669;0.0913
13.1848;0.0913
13.1890;0.0913
13.1932;0.0913
13.1952;0.0913
13.1970;0.0913
13.2021;0.0913
13.2066;0.0913
13.2068;0.0913
13.2115;0.0913
13.2167;0.0913
13.2219;0.0913
13.2267;0.0913
13.2316;0.0913
13.2500;0.0913
13.2539;0.0913
13.2549;0.0913
13.2567;0.0913
13.2585;0.0913
13.2669;0.0913
13.2670;0.0913
13.2717;0.0913
13.2766;0.0913
13.2816;0.0913
13.2866;0.0913
13.2918;0.0913
13.2970;0.0913
13.3176;0.0913
13.3222;0.0913
13.3240;0.0913
13.3266;0.0913
13.3277;0.0913
13.3317;0.0913
13.3357;0.0913
13.3366;0.0913
13.3434;0.0913
13.3465;0.0913
13.3516;0.0913
13.3568;0.0913
13.3619;0.0913
13.3773;0.0913
13.3810;0.0913
13.3821;0.0913
13.3839;0.0913
13.3899;0.0913
13.3942;0.0913
13.3965;0.0913
13.4016;0.0913
13.4067;0.0913
13.4117;0.0913
13.4165;0.0913
13.4216;0.0913
13.4459;0.0913
13.4498;0.0913
13.4509;0.0913
13.4528;0.0913
13.4546;0.0913
13.4557;0.0913
13.4601;0.0913
13.4642;0.0913
13.4666;0.0913
13.4716;0.0913
13.4765;0.0913
13.4818;0.0913
13.4870;0.0913
13.5039;0.0913
13.5086;0.0913
13.5104;0.0913
13.5122;0.0913
13.5141;0.0913
13.5220;0.0913
13.5222;0.0913
13.5266;0.0913
13.5316;0.0913
13.5367;0.0913
13.5418;0.0913
13.5470;0.0913
13.5518;0.0913
13.5683;0.0913
13.5731;0.0913
13.5742;0.0913
13.5759;0.0913
13.5777;0.0913
13.5855;0.0913
13.5866;0.0913
13.5916;0.0913
13.5966;0.0913
13.6016;0.0913
13.6067;0.0913
13.6119;0.0913
13.6170;0.0913
13.6369;0.0913
13.6387;0.0913
13.6406;0.0913
13.6423;0.0913
13.6468;0.0913
13.6511;0.0913
13.6516;0.0913
13.6565;0.0913
13.6616;0.0913
13.6667;0.0913
13.6717;0.0913
13.6769;0.0913
13.6965;0.0913
13.6999;0.0913
13.7016;0.0913
13.7027;0.0913
13.7044;0.0913
13.7097;0.0913
13.7138;0.0913
13.7166;0.0913
13.7216;0.0913
13.7269;0.0913
13.7318;0.0913
13.7366;0.0913
13.7418;0.0913
13.7606;0.0913
13.7662;0.0913
13.7710;0.0913
13.7728;0.0913
13.7754;0.0913
13.7804;0.0913
13.7850;0.0913
13.7852;0.1031
13.7865;0.1148
13.7915;0.1384
13.7966;0.1620
13.8016;0.1855
13.8069;0.2091
13.8322;0.2208
13.8379;0.2444
13.8405;0.2562
13.8462;0.2680
13.8500;0.2797
13.8502;0.2915
13.8504;0.3033
13.8506;0.3151
13.8516;0.3269
13.8566;0.3386
13.8736;0.3504
13.8767;0.3622
13.8785;0.3740
13.8802;0.3740
13.8827;0.3740
13.8893;0.3857
13.8916;0.3857
13.8966;0.3975
13.9016;0.4093
13.9068;0.3975
13.9120;0.4093
13.9168;0.3975
13.9316;0.3975
13.9357;0.4093
13.9375;0.3975
13.9408;0.3975
13.9438;0.3857
13.9467;0.3740
13.9516;0.3740
13.9566;0.3740
13.9618;0.3740
13.9672;0.3740
13.9717;0.3740
13.9768;0.3622
13.9819;0.3504
14.0035;0.3386
14.0079;0.3269
14.0137;0.3269
14.0171;0.3151
14.0172;0.3033
14.0174;0.2915
14.0176;0.2797
14.0216;0.2680
14.0268;0.2562
14.0316;0.2444
14.0366;0.2208
14.0416;0.2091
14.0608;0.1973
14.0653;0.1855
14.0698;0.1855
14.0745;0.1855
14.0776;0.1737
14.0777;0.1620
14.0779;0.1502
14.0816;0.1384
14.0866;0.1266
14.0917;0.1148
14.0967;0.1031
14.1016;0.0913
14.1067;0.0913
14.1342;0.0913
14.1392;0.0913
14.1409;0.0913
14.1427;0.0913
14.1495;0.0913
14.1497;0.0913
14.1498;0.0913
14.1500;0.0913
14.1516;0.0913
14.1566;0.0913
14.1711;0.0913
14.1748;0.0913
14.1790;0.0913
14.1792;0.0913
14.1839;0.0913
14.1871;0.0913
14.1916;0.0913
14.1966;0.0913
14.2015;0.0913
14.2067;0.0913
14.2120;0.0913
14.2166;0.0913
14.2394;0.0913
14.2474;0.0913
14.2503;0.0913
14.2513;0.0913
14.2547;0.0913
14.2579;0.1031
14.2580;0.1148
14.2582;0.1266
14.2615;0.1384
14.2666;0.1384
14.2715;0.1384
14.2770;0.1502
14.2819;0.1620
14.2936;0.1737
14.2990;0.1855
14.3016;0.1973
14.3018;0.2208
14.3098;0.2444
14.3115;0.2680
14.3165;0.2915
14.3216;0.3151
14.3265;0.3504
14.3317;0.3857
14.3371;0.4329
14.3419;0.4800
14.3561;0.5271
14.3622;0.5860
14.3626;0.6449
14.3634;0.7155
14.3705;0.7980
14.3728;0.8804
14.3765;0.9629
14.3816;1.0336
14.3871;1.1042
14.3921;1.1749
14.3972;1.2338
14.4018;1.2927
14.4070;1.3398
14.4218;1.3869
14.4256;1.4340
14.4266;1.4812
14.4283;1.5283
14.4342;1.5754
14.4368;1.6225
14.4416;1.6578
14.4466;1.6814
14.4517;1.7049
14.4569;1.7167
14.4619;1.7285
14.4669;1.7403
14.4720;1.7521
14.4931;1.7638
14.4975;1.7756
14.4994;1.7874
14.5026;1.7874
14.5064;1.7756
14.5090;1.7638
14.5091;1.7521
14.5115;1.7403
14.5165;1.7403
14.5221;1.7403
14.5268;1.7403
14.5317;1.7403
14.5466;1.7403
14.5504;1.7403
14.5536;1.7403
14.5554;1.7403
14.5572;1.7403
14.5656;1.7403
14.5666;1.7403
14.5715;1.7285
14.5766;1.7167
14.5816;1.7049
14.5866;1.6932
14.5916;1.6814
14.5968;1.6696
14.6115;1.6461
14.6159;1.6225
14.6192;1.6107
14.6210;1.5872
14.6221;1.5754
14.6288;1.5518
14.6315;1.5283
14.6366;1.5165
14.6416;1.4929
14.6466;1.4812
14.6516;1.4576
14.6568;1.4340
14.6728;1.4223
14.6759;1.4105
14.6776;1.3987
14.6787;1.3869
14.6818;1.3751
14.6880;1.3634
14.6916;1.3516
14.6966;1.3398
14.7016;1.3280
14.7068;1.3163
14.7120;1.3045
14.7168;1.2927
14.7218;1.2809
14.7358;1.2691
14.7396;1.2691
14.7406;1.2691
14.7416;1.2691
14.7508;1.2691
14.7515;1.2691
14.7565;1.2691
14.7616;1.2691
14.7665;1.2691
14.7716;1.2691
14.7770;1.2691
14.7822;1.2691
14.7975;1.2691
14.8014;1.2691
14.8025;1.2691
14.8035;1.2691
14.8102;1.2691
14.8129;1.2691
14.8166;1.2691
14.8216;1.2809
14.8269;1.2927
14.8320;1.3045
14.8368;1.3163
14.8419;1.3280
14.8467;1.3398
14.8680;1.3634
14.8713;1.3869
14.8723;1.4105
14.8741;1.4458
14.8758;1.4694
14.8776;1.4929
14.8837;1.5165
14.8866;1.5400
14.8915;1.5636
14.8969;1.5989
14.9018;1.6343
14.9069;1.6578
14.9118;1.6814
14.9255;1.7049
14.9287;1.7167
14.9305;1.7285
14.9323;1.7403
14.9407;1.7403
14.9415;1.7521
14.9466;1.7638
14.9516;1.7756
14.9566;1.7874
14.9616;1.7992
14.9666;1.8110
14.9719;1.8227
14.9872;1.8345
14.9921;1.8345
14.9956;1.8345
14.9981;1.8345
14.9991;1.8345
15.0024;1.8345
15.0089;1.8345
15.0115;1.8345
15.0166;1.8345
15.0220;1.8345
15.0267;1.8345
15.0317;1.8345
15.0368;1.8345
15.0537;1.8345
15.0670;1.8345
15.0676;1.8345
15.0727;1.8345
15.0752;1.8345
15.0765;1.8227
15.0778;1.8110
15.0799;1.7992
15.0856;1.7874
15.0885;1.7874
15.0915;1.7756
15.0965;1.7638
15.1130;1.7403
15.1180;1.7167
15.1200;1.7049
15.1224;1.6932
15.1242;1.6814
15.1306;1.6696
15.1315;1.6578
15.1367;1.6461
15.1416;1.6343
15.1468;1.6225
15.1633;1.6107
15.1681;1.5989
15.1724;1.5989
15.1743;1.5989
15.1768;1.5989
15.1778;1.5989
15.1850;1.5989
15.1866;1.5989
15.1915;1.5989
15.1966;1.5989
15.2016;1.5989
15.2069;1.5989
15.2118;1.5989
15.2247;1.5989
15.2284;1.5989
15.2324;1.5989
15.2333;1.5989
15.2381;1.5989
15.2446;1.5989
15.2466;1.5989
15.2515;1.6107
15.2566;1.6225
15.2618;1.6461
15.2666;1.6696
15.2720;1.6814
15.2767;1.7049
15.2981;1.7285
15.3046;1.7521
15.3111;1.7874
15.3133;1.8227
15.3162;1.8581
15.3174;1.8934
15.3239;1.9287
15.3241;1.9641
15.3242;1.9876
15.3266;2.0230
15.3315;2.0465
15.3365;2.0701
15.3490;2.0936
15.3527;2.1172
15.3543;2.1408
15.3583;2.1643
15.3615;2.1879
15.3665;2.1996
15.3716;2.2232
15.3766;2.2350
15.3816;2.2585
15.3865;2.2703
15.4031;2.2821
15.4072;2.2939
15.4089;2.2939
15.4121;2.3057
15.4149;2.3057
15.4165;2.3057
15.4216;2.3057
15.4266;2.3057
15.4316;2.3057
15.4365;2.2939
15.4417;2.2939
15.4468;2.2821
15.4673;2.2703
15.4731;2.2585
15.4781;2.2350
15.4840;2.2114
15.4870;2.1761
15.4872;2.1525
15.4873;2.1054
15.4875;2.0701
15.4915;2.0347
15.4965;1.9876
15.5016;1.9641
15.5065;1.9287
15.5115;1.9052
15.5173;1.8934
15.5243;1.8698
15.5332;1.8581
15.5349;1.8345
15.5399;1.8110
15.5427;1.7992
15.5465;1.7756
15.5515;1.7638
15.5568;1.7521
15.5620;1.7285
15.5666;1.7167
15.5718;1.6932
15.5770;1.6578
15.5915;1.6343
15.5942;1.6107
15.5959;1.5872
15.5975;1.5754
15.6016;1.5518
15.6065;1.5283
15.6115;1.5165
15.6165;1.5047
15.6215;1.5047
15.6267;1.5047
15.6318;1.5047
15.6370;1.5047
15.6572;1.5047
15.6620;1.5047
15.6677;1.5047
15.6724;1.5047
15.6753;1.5047
15.6754;1.5047
15.6756;1.5047
15.6765;1.5047
15.6815;1.5047
15.6865;1.5047
15.6915;1.5047
15.6966;1.5047
15.7016;1.5047
15.7178;1.5047
15.7218;1.5047
15.7270;1.5047
15.7279;1.5047
15.7321;1.5047
15.7348;1.5165
15.7365;1.5283
15.7416;1.5518
15.7466;1.5754
15.7517;1.5989
15.7570;1.6343
15.7621;1.6696
15.7668;1.7167
15.7853;1.7638
15.7903;1.8110
15.7908;1.8581
15.7960;1.9052
15.7987;1.9523
15.8045;1.9994
15.8049;2.0465
15.8077;2.0936
15.8115;2.1290
15.8165;2.1643
15.8215;2.1996
15.8368;2.2350
15.8403;2.2821
15.8414;2.3292
15.8433;2.3763
15.8515;2.4470
15.8517;2.5177
15.8566;2.6001
15.8616;2.6826
15.8665;2.7532
15.8716;2.8239
15.8766;2.8828
15.8941;2.9535
15.8951;3.0124
15.8960;3.0595
15.8970;3.1066
15.9036;3.1302
15.9065;3.1419
15.9116;3.1655
15.9166;3.1773
15.9217;3.1890
15.9265;3.2008
15.9316;3.2008
15.9366;3.2008
15.9517;3.2008
15.9563;3.2008
15.9609;3.2008
15.9633;3.2008
15.9650;3.1890
15.9711;3.1655
15.9715;3.1419
15.9766;3.1066
15.9816;3.0713
15.9866;3.0241
15.9917;2.9770
15.9965;2.9299
16.0016;2.8828
16.0175;2.8475
16.0242;2.8004
16.0259;2.7532
16.0268;2.7061
16.0278;2.6708
16.0337;2.6237
16.0366;2.5766
16.0416;2.5294
16.0466;2.4706
16.0516;2.4234
16.0566;2.3763
16.0617;2.3174
16.0666;2.2468
16.0851;2.1761
16.0884;2.1054
16.0901;2.0347
16.0925;1.9876
16.0942;1.9405
16.1005;1.8934
16.1015;1.8698
16.1065;1.8345
16.1116;1.8110
16.1165;1.7992
16.1216;1.7874
16.1269;1.7874
16.1410;1.7874
16.1477;1.7874
16.1493;1.7874
16.1510;1.7874
16.1520;1.7874
16.1596;1.7874
16.1615;1.7874
16.1665;1.7874
16.1715;1.7874
16.1765;1.7874
16.1815;1.7874
16.1866;1.7874
16.1916;1.7874
16.2074;1.7874
16.2142;1.7874
16.2173;1.7874
16.2189;1.7874
16.2234;1.7874
16.2261;1.7992
16.2266;1.8110
16.2315;1.8227
16.2366;1.8463
16.2416;1.8581
16.2467;1.8816
16.2516;1.9170
16.2714;1.9523
16.2790;1.9876
16.2839;2.0347
16.2864;2.0819
16.2881;2.1290
16.2943;2.1879
16.2945;2.2350
16.2947;2.2703
16.2965;2.3057
16.3015;2.3410
16.3066;2.3763
16.3116;2.4234
16.3165;2.4706
16.3405;2.5177
16.3441;2.5648
16.3452;2.6119
16.3463;2.6590
16.3481;2.7061
16.3505;2.7532
16.3568;2.8004
16.3570;2.8475
16.3615;2.9064
16.3665;2.9770
16.3717;3.0477
16.3769;3.1184
16.3817;3.1773
16.3965;3.2362
16.4014;3.3068
16.4037;3.3775
16.4047;3.4482
16.4118;3.5188
16.4120;3.5777
16.4165;3.6366
16.4216;3.6955
16.4268;3.7426
16.4315;3.7898
16.4366;3.8251
16.4416;3.8486
16.4465;3.8604
16.4635;3.8722
16.4768;3.8840
16.4772;3.8958
16.4799;3.9075
16.4801;3.9075
16.4803;3.9075
16.4815;3.9075
16.4865;3.9075
16.4916;3.9075
16.4966;3.8958
16.5015;3.8840
16.5071;3.8722
16.5192;3.8604
16.5325;3.8604
16.5329;3.8486
16.5358;3.8369
16.5359;3.8133
16.5365;3.7780
16.5415;3.7544
16.5466;3.7073
16.5519;3.6602
16.5571;3.6013
16.5617;3.5188
16.5667;3.4364
16.5716;3.3304
16.5904;3.2244
16.6028;3.1066
16.6057;2.9770
16.6058;2.8475
16.6060;2.7061
16.6061;2.5766
16.6065;2.4588
16.6116;2.3528
16.6165;2.2585
16.6216;2.1643
16.6267;2.0819
16.6316;2.0112
16.6477;1.9641
16.6599;1.9287
16.6628;1.8934
16.6630;1.8698
16.6632;1.8345
16.6634;1.8110
16.6665;1.7992
16.6716;1.7756
16.6768;1.7638
16.6817;1.7521
16.6865;1.7403
16.6918;1.7403
16.6969;1.7403
16.7126;1.7403
16.7204;1.7403
16.7232;1.7403
16.7233;1.7403
16.7235;1.7403
16.7265;1.7403
16.7316;1.7403
16.7365;1.7403
16.7418;1.7403
16.7470;1.7403
16.7517;1.7403
16.7568;1.7403
16.7619;1.7521
16.7784;1.7638
16.7860;1.7756
16.7864;1.7992
16.7892;1.8110
16.7893;1.8345
16.7916;1.8698
16.7966;1.9052
16.8016;1.9523
16.8071;2.0112
16.8120;2.0819
16.8166;2.1643
16.8220;2.2468
16.8269;2.3292
16.8377;2.4234
16.8414;2.5294
16.8430;2.6472
16.8506;2.7886
16.8533;2.9299
16.8565;3.0713
16.8615;3.2244
16.8671;3.3539
16.8715;3.4835
16.8769;3.6131
16.8815;3.7309
16.8867;3.8486
16.8986;3.9547
16.9044;4.0371
16.9048;4.1078
16.9130;4.1667
16.9132;4.2138
16.9169;4.2609
16.9215;4.2962
16.9266;4.3198
16.9319;4.3316
16.9367;4.3433
16.9419;4.3551
16.9466;4.3669
16.9519;4.3787
16.9615;4.3787
16.9673;4.3787
16.9692;4.3787
16.9785;4.3787
16.9787;4.3787
16.9815;4.3787
16.9865;4.3787
16.9917;4.3787
16.9968;4.3787
17.0019;4.3787
17.0071;4.3669
17.0121;4.3551
17.0169;4.3316
17.0258;4.2962
17.0275;4.2609
17.0386;4.2138
17.0391;4.1667
17.0418;4.1196
17.0465;4.0724
17.0515;4.0135
17.0567;3.9429
17.0619;3.8722
17.0667;3.7898
17.0718;3.7073
17.0770;3.6249
17.1015;3.5306
17.1066;3.4246
17.1154;3.3186
17.1181;3.2008
17.1183;3.0713
17.1185;2.9535
17.1186;2.8239
17.1188;2.6943
17.1216;2.5648
17.1265;2.4352
17.1320;2.3174
17.1366;2.2114
17.1418;2.1290
17.1590;2.0465
17.1661;1.9759
17.1743;1.9170
17.1771;1.8698
17.1773;1.8345
17.1774;1.8110
17.1776;1.7874
17.1815;1.7638
17.1866;1.7521
17.1916;1.7403
17.1968;1.7403
17.2017;1.7403
17.2067;1.7403
17.2250;1.7403
17.2331;1.7403
17.2361;1.7403
17.2363;1.7403
17.2365;1.7403
17.2367;1.7403
17.2416;1.7521
17.2466;1.7638
17.2515;1.7756
17.2568;1.7992
17.2615;1.8110
17.2668;1.8345
17.2811;1.8816
17.2875;1.9287
17.2965;1.9994
17.2967;2.0701
17.2968;2.1525
17.2970;2.2350
17.3015;2.3292
17.3066;2.4470
17.3118;2.5648
17.3170;2.7179
17.3217;2.8828
17.3268;3.0595
17.3319;3.2362
17.3578;3.4128
17.3606;3.5777
17.3663;3.7309
17.3692;3.8840
17.3693;4.0253
17.3695;4.1549
17.3697;4.2845
17.3715;4.3905
17.3765;4.4847
17.3816;4.5789
17.3865;4.6496
17.3915;4.7203
17.3966;4.7674
17.4151;4.8027
17.4244;4.8263
17.4273;4.8380
17.4275;4.8616
17.4277;4.8734
17.4278;4.8852
17.4315;4.8852
17.4365;4.8852
17.4415;4.8852
17.4468;4.8734
17.4517;4.8852
17.4567;4.8734
17.4764;4.8616
17.4809;4.8616
17.4900;4.8498
17.4928;4.8498
17.4930;4.8380
17.4932;4.8263
17.4933;4.8145
17.4966;4.7909
17.5015;4.7674
17.5065;4.7320
17.5115;4.6849
17.5166;4.6378
17.5216;4.5789
17.5468;4.5200
17.5564;4.4494
17.5594;4.3669
17.5596;4.2845
17.5598;4.1784
17.5599;4.0607
17.5601;3.9429
17.5615;3.8133
17.5665;3.6837
17.5715;3.5660
17.5767;3.4246
17.5819;3.2951
17.6026;3.1655
17.6154;3.0359
17.6184;2.9299
17.6186;2.8357
17.6187;2.7532
17.6189;2.6708
17.6190;2.5883
17.6215;2.5059
17.6265;2.4352
17.6316;2.3763
17.6366;2.3292
17.6418;2.2939
17.6469;2.2585
17.6656;2.2350
17.6797;2.2232
17.6827;2.2114
17.6829;2.2114
17.6831;2.2114
17.6832;2.2114
17.6834;2.2114
17.6865;2.2114
17.6915;2.2114
17.6965;2.2114
17.7015;2.2114
17.7066;2.2114
17.7116;2.2114
17.7307;2.2114
17.7396;2.2114
17.7427;2.2232
17.7430;2.2468
17.7431;2.2821
17.7433;2.3292
17.7465;2.3763
17.7515;2.4470
17.7567;2.5294
17.7620;2.6237
17.7668;2.7297
17.7719;2.8357
17.7767;2.9653
17.7897;3.0948
17.8028;3.2362
17.8032;3.3775
17.8061;3.5071
17.8062;3.6484
17.8065;3.7898
17.8115;3.9193
17.8166;4.0371
17.8217;4.1431
17.8265;4.2256
17.8319;4.3080
17.8366;4.3905
17.8578;4.4611
17.8636;4.5436
17.8756;4.6025
17.8758;4.6496
17.8760;4.6967
17.8761;4.7203
17.8763;4.7438
17.8764;4.7556
17.8815;4.7556
17.8865;4.7556
17.8916;4.7556
17.8966;4.7556
17.9171;4.7556
17.9262;4.7556
17.9292;4.7556
17.9294;4.7556
17.9296;4.7438
17.9297;4.7203
17.9315;4.6849
17.9365;4.6378
17.9415;4.5789
17.9466;4.5082
17.9516;4.4140
17.9567;4.3080
17.9617;4.1902
17.9776;4.0489
17.9814;3.8958
17.9904;3.7191
17.9907;3.5306
17.9935;3.3422
17.9939;3.1537
17.9964;2.9653
18.0015;2.7768
18.0066;2.5883
18.0118;2.4117
18.0169;2.2468
18.0219;2.0936
18.0267;1.9641
18.0417;1.8463
18.0447;1.7521
18.0501;1.6814
18.0592;1.6107
18.0626;1.5636
18.0628;1.5165
18.0630;1.4694
18.0665;1.4458
18.0717;1.4105
18.0765;1.3869
18.0818;1.3751
18.0866;1.3516
18.1043;1.3398
18.1070;1.3280
18.1088;1.3163
18.1103;1.3163
18.1149;1.3163
18.1266;1.3163
18.1268;1.3163
18.1270;1.3163
18.1314;1.3163
18.1365;1.3163
18.1417;1.3280
18.1467;1.3398
18.1516;1.3634
18.1676;1.3987
18.1704;1.4340
18.1759;1.4929
18.1849;1.5518
18.1878;1.6225
18.1880;1.7049
18.1881;1.7992
18.1915;1.9052
18.1965;2.0230
18.2019;2.1643
18.2067;2.3174
18.2117;2.5059
18.2165;2.7179
18.2261;2.9299
18.2280;3.1419
18.2334;3.3422
18.2452;3.5306
18.2454;3.7191
18.2465;3.8958
18.2515;4.0489
18.2565;4.1902
18.2618;4.3080
18.2665;4.4140
18.2718;4.5082
18.2769;4.5789
18.2873;4.6260
18.2899;4.6496
18.2942;4.6731
18.3060;4.6849
18.3062;4.6967
18.3065;4.7085
18.3115;4.7085
18.3165;4.7085
18.3216;4.6967
18.3265;4.6849
18.3315;4.6731
18.3366;4.6614
18.3508;4.6496
18.3521;4.6260
18.3543;4.5907
18.3676;4.5318
18.3707;4.4611
18.3709;4.3787
18.3715;4.2727
18.3765;4.1549
18.3815;4.0253
18.3865;3.8722
18.3915;3.7073
18.3965;3.5188
18.4020;3.2951
18.4159;3.0713
18.4186;2.8357
18.4211;2.6119
18.4265;2.4117
18.4353;2.2232
18.4384;2.0583
18.4386;1.8934
18.4415;1.7521
18.4465;1.6225
18.4520;1.5165
18.4569;1.4458
18.4621;1.3987
18.4666;1.3634
18.4829;1.3398
18.4847;1.3280
18.4875;1.3163
18.4891;1.3163
18.5027;1.3163
18.5057;1.3163
18.5059;1.3163
18.5065;1.3163
18.5115;1.3163
18.5166;1.3163
18.5216;1.3163
18.5268;1.3280
18.5315;1.3398
18.5413;1.3634
18.5466;1.3869
18.5552;1.4223
18.5563;1.4694
18.5586;1.5165
18.5615;1.5754
18.5665;1.6343
18.5716;1.7049
18.5766;1.7874
18.5815;1.8816
18.5866;1.9876
18.5917;2.1172
18.6089;2.2821
18.6118;2.4706
18.6146;2.6708
18.6277;2.8828
18.6309;3.0830
18.6310;3.2833
18.6312;3.4953
18.6315;3.6837
18.6365;3.8604
18.6416;4.0253
18.6465;4.1667
18.6515;4.2962
18.6566;4.4140
18.6687;4.5200
18.6708;4.6025
18.6752;4.6849
18.6844;4.7438
18.6874;4.7909
18.6876;4.8380
18.6915;4.8616
18.6965;4.8852
18.7015;4.8969
18.7067;4.8969
18.7119;4.8969
18.7167;4.8969
18.7312;4.8969
18.7349;4.8969
18.7372;4.8969
18.7416;4.8969
18.7505;4.8969
18.7535;4.8852
18.7537;4.8734
18.7565;4.8498
18.7615;4.8263
18.7665;4.7909
18.7719;4.7438
18.7766;4.6849
18.7817;4.5907
18.7951;4.4965
18.8000;4.3669
18.8023;4.2138
18.8066;4.0489
18.8155;3.8369
18.8187;3.6131
18.8188;3.3775
18.8215;3.1302
18.8265;2.8828
18.8319;2.6472
18.8366;2.4234
18.8417;2.2232
18.8469;2.0583
18.8586;1.9052
18.8613;1.7756
18.8626;1.6578
18.8672;1.5636
18.8767;1.4929
18.8806;1.4458
18.8815;1.4105
18.8864;1.3869
18.8915;1.3751
18.8970;1.3634
18.9019;1.3634
18.9070;1.3634
18.9116;1.3634
18.9204;1.3634
18.9222;1.3634
18.9274;1.3634
18.9394;1.3634
18.9395;1.3634
18.9415;1.3634
18.9465;1.3634
18.9515;1.3751
18.9568;1.3869
18.9618;1.4105
18.9666;1.4458
18.9715;1.4812
18.9879;1.5283
18.9937;1.5872
18.9956;1.6461
18.9999;1.7167
19.0091;1.8110
19.0123;1.9052
19.0125;2.0230
19.0127;2.1525
19.0165;2.3057
19.0215;2.4823
19.0266;2.6708
19.0315;2.8828
19.0367;3.0713
19.0468;3.2597
19.0494;3.4364
19.0620;3.5895
19.0652;3.7426
19.0655;3.8840
19.0664;4.0135
19.0714;4.1313
19.0766;4.2373
19.0818;4.3316
19.0870;4.4140
19.0917;4.4965
19.0970;4.5671
19.1016;4.6143
19.1165;4.6496
19.1210;4.6731
19.1269;4.6849
19.1366;4.6967
19.1399;4.7085
19.1401;4.7085
19.1402;4.7085
19.1415;4.7085
19.1465;4.7085
19.1516;4.7085
19.1567;4.7085
19.1617;4.7085
19.1667;4.6967
19.1807;4.6849
19.1864;4.6614
19.1888;4.6260
19.1950;4.5789
19.2092;4.5082
19.2094;4.4140
19.2096;4.2962
19.2097;4.1667
19.2115;4.0135
19.2165;3.8486
19.2261;3.6720
19.2279;3.4717
19.2356;3.2597
19.2444;3.0477
19.2447;2.8239
19.2479;2.6237
19.2515;2.4352
19.2565;2.2585
19.2615;2.1172
19.2666;1.9759
19.2716;1.8581
19.2768;1.7638
19.2875;1.6814
19.2910;1.6225
19.2934;1.5754
19.3060;1.5400
19.3093;1.5165
19.3095;1.4929
19.3115;1.4812
19.3165;1.4694
19.3215;1.4576
19.3269;1.4576
19.3315;1.4576
19.3367;1.4694
19.3516;1.4694
19.3542;1.4694
19.3567;1.4812
19.3610;1.4812
19.3731;1.4929
19.3733;1.5165
19.3734;1.5400
19.3765;1.5754
19.3815;1.6225
19.3865;1.6814
19.3915;1.7521
19.3969;1.8345
19.4018;1.9287
19.4087;2.0230
19.4153;2.1408
19.4243;2.2703
19.4277;2.4352
19.4280;2.6237
19.4316;2.8239
19.4365;3.0477
19.4417;3.2597
19.4465;3.4835
19.4515;3.6955
19.4568;3.8958
19.4617;4.0960
19.4716;4.2962
19.4742;4.4847
19.4794;4.6731
19.4912;4.8616
19.4915;5.0383
19.4916;5.2150
19.4965;5.3681
19.5016;5.5094
19.5065;5.6272
19.5116;5.7214
19.5165;5.8039
19.5218;5.8628
19.5347;5.9099
19.5372;5.9335
19.5408;5.9570
19.5503;5.9688
19.5535;5.9570
19.5538;5.9688
19.5557;5.9570
19.5615;5.9452
19.5666;5.9452
19.5718;5.9217
19.5768;5.9099
19.5816;5.8863
19.5869;5.8392
19.5987;5.7921
19.6020;5.7097
19.6157;5.6154
19.6190;5.5212
19.6192;5.4034
19.6194;5.2739
19.6215;5.1207
19.6265;4.9441
19.6316;4.7438
19.6369;4.5436
19.6417;4.3316
19.6468;4.0960
19.6519;3.8486
19.6666;3.5895
19.6704;3.3186
19.6757;3.0713
19.6855;2.8357
19.6889;2.6119
19.6891;2.4117
19.6893;2.2350
19.6915;2.0819
19.6965;1.9523
19.7016;1.8581
19.7068;1.7756
19.7121;1.7167
19.7168;1.6814
19.7246;1.6461
19.7306;1.6225
19.7436;1.6107
19.7438;1.5989
19.7440;1.5989
19.7465;1.5989
19.7515;1.5989
19.7569;1.5989
19.7617;1.5989
19.7667;1.6107
19.7719;1.6225
19.7768;1.6343
19.7898;1.6578
19.7931;1.6696
19.7959;1.7049
19.7996;1.7521
19.8122;1.8110
19.8124;1.8934
19.8126;1.9759
19.8165;2.0819
19.8215;2.1996
19.8265;2.3410
19.8316;2.5059
19.8369;2.6943
19.8418;2.9064
19.8556;3.1302
19.8597;3.3539
19.8650;3.5777
19.8752;3.8015
19.8785;4.0135
19.8787;4.2138
19.8789;4.4022
19.8815;4.5789
19.8865;4.7438
19.8918;4.9087
19.8965;5.0501
19.9017;5.1796
19.9133;5.2856
19.9168;5.3799
19.9225;5.4741
19.9313;5.5448
19.9346;5.6154
19.9347;5.6625
19.9365;5.6861
19.9415;5.6979
19.9469;5.6979
19.9518;5.6979
19.9566;5.6979
19.9619;5.6979
19.9668;5.6979
19.9763;5.6979
19.9780;5.6979
19.9929;5.6979
19.9964;5.6861
19.9966;5.6743
19.9969;5.6508
20.0014;5.6154
20.0059;5.5801
20.0117;5.5212
20.0169;5.4505
20.0218;5.3681
20.0270;5.2739
20.0315;5.1678
20.0399;5.0383
20.0432;4.8852
20.0572;4.7085
20.0607;4.5200
20.0610;4.3198
20.0615;4.1196
20.0661;3.9075
20.0711;3.6837
20.0766;3.4717
20.0816;3.2479
20.0868;3.0477
20.0920;2.8710
20.1012;2.7061
20.1038;2.5648
20.1072;2.4352
20.1212;2.3292
20.1248;2.2350
20.1250;2.1643
20.1265;2.1172
20.1315;2.0701
20.1360;2.0465
20.1411;2.0347
20.1465;2.0230
20.1517;2.0230
20.1561;2.0230
20.1681;2.0230
20.1746;2.0230
20.1865;2.0230
20.1898;2.0230
20.1900;2.0230
20.1902;2.0230
20.1906;2.0230
20.1956;2.0347
20.2007;2.0465
20.2058;2.0701
20.2108;2.1172
20.2157;2.1761
20.2208;2.2585
20.2323;2.3645
20.2346;2.4941
20.2404;2.6355
20.2503;2.8121
20.2535;3.0124
20.2540;3.2244
20.2556;3.4482
20.2607;3.6720
20.2656;3.8840
20.2707;4.0960
20.2759;4.3080
20.2812;4.5082
20.2946;4.6967
20.2969;4.8616
20.2992;5.0029
20.3043;5.1325
20.3173;5.2503
20.3175;5.3445
20.3177;5.4270
20.3206;5.4741
20.3256;5.5094
20.3309;5.5330
20.3365;5.5448
20.3418;5.5565
20.3599;5.5565
20.3628;5.5565
20.3654;5.5565
20.3708;5.5448
20.3808;5.5330
20.3844;5.5212
20.3845;5.4976
20.3847;5.4741
20.3860;5.4270
20.3909;5.3681
20.3959;5.2856
20.4014;5.1914
20.4066;5.0972
20.4190;4.9676
20.4201;4.8380
20.4229;4.6849
20.4369;4.4965
20.4374;4.3080
20.4408;4.0842
20.4409;3.8369
20.4459;3.6013
20.4508;3.3422
20.4558;3.1066
20.4613;2.8828
20.4656;2.6472
20.4710;2.4470
20.4824;2.2585
20.4844;2.0936
20.4935;1.9641
20.4950;1.8463
20.4997;1.7521
20.5032;1.6814
20.5061;1.6225
20.5106;1.5872
20.5156;1.5636
20.5211;1.5518
20.5259;1.5518
20.5319;1.5518
20.5363;1.5518
20.5460;1.5518
20.5479;1.5518
20.5533;1.5518
20.5664;1.5518
20.5666;1.5518
20.5667;1.5518
20.5714;1.5518
20.5761;1.5636
20.5808;1.5754
20.5860;1.5989
20.5908;1.6343
20.5959;1.6696
20.6105;1.7285
20.6119;1.7992
20.6132;1.8934
20.6201;2.0112
20.6298;2.1408
20.6310;2.3057
20.6337;2.4823
20.6356;2.6943
20.6407;2.9181
20.6457;3.1537
20.6508;3.3893
20.6557;3.6131
20.6606;3.8369
20.6718;4.0371
20.6744;4.2373
20.6788;4.4140
20.6884;4.5789
20.6918;4.7320
20.6920;4.8616
20.6956;4.9794
20.7007;5.0736
20.7057;5.1443
20.7106;5.1914
20.7157;5.2150
20.7207;5.2385
20.7257;5.2503
20.7352;5.2503
20.7379;5.2621
20.7519;5.2621
20.7556;5.2621
20.7558;5.2739
20.7559;5.2621
20.7606;5.2503
20.7657;5.2385
20.7706;5.2267
20.7758;5.2267
20.7806;5.2267
20.7864;5.2150
20.7972;5.1914
20.7991;5.1561
20.8025;5.0972
20.8062;5.0265
20.8165;4.9441
20.8199;4.8380
20.8206;4.7203
20.8257;4.5789
20.8307;4.4258
20.8356;4.2609
20.8406;4.0724
20.8457;3.8722
20.8507;3.6602
20.8609;3.4364
20.8643;3.2244
20.8783;3.0241
20.8787;2.8239
20.8823;2.6472
20.8824;2.4706
20.8857;2.3174
20.8907;2.1761
20.8956;2.0465
20.9008;1.9405
20.9062;1.8463
20.9122;1.7756
20.9157;1.7049
20.9236;1.6578
20.9308;1.6225
20.9356;1.5989
20.9409;1.5989
20.9422;1.5872
20.9459;1.5872
20.9509;1.5872
20.9559;1.5872
20.9616;1.5989
20.9657;1.5989
20.9708;1.5989
20.9763;1.6107
20.9866;1.6343
20.9892;1.6696
20.9971;1.7167
21.0044;1.7756
21.0080;1.8463
21.0082;1.9287
21.0111;2.0347
21.0160;2.1525
21.0210;2.2939
21.0268;2.4706
21.0319;2.6590
21.0357;2.8710
21.0411;3.0948
21.0500;3.3186
21.0511;3.5424
21.0557;3.7662
21.0698;3.9782
21.0734;4.1784
21.0736;4.3787
21.0765;4.5554
21.0809;4.7320
21.0859;4.8969
21.0919;5.0383
21.0956;5.1796
21.1008;5.2974
21.1129;5.4034
21.1139;5.4976
21.1174;5.5683
21.1246;5.6272
21.1330;5.6625
21.1356;5.6979
21.1358;5.7214
21.1406;5.7332
21.1457;5.7450
21.1507;5.7450
21.1560;5.7450
21.1619;5.7450
21.1656;5.7450
21.1767;5.7450
21.1793;5.7450
21.1829;5.7332
21.1867;5.7214
21.1963;5.6979
21.2000;5.6625
21.2007;5.6272
21.2057;5.5565
21.2107;5.4741
21.2156;5.3681
21.2216;5.2385
21.2256;5.0972
21.2307;4.9323
21.2403;4.7556
21.2429;4.5671
21.2576;4.3669
21.2612;4.1549
21.2615;3.9311
21.2616;3.7073
21.2661;3.4953
21.2710;3.2951
21.2766;3.1066
21.2810;2.9299
21.2860;2.7650
21.2910;2.6119
21.2960;2.4823
21.3097;2.3763
21.3125;2.2939
21.3153;2.2350
21.3208;2.1879
21.3310;2.1525
21.3346;2.1290
21.3348;2.1172
21.3360;2.1172
21.3410;2.1172
21.3459;2.1172
21.3518;2.1172
21.3565;2.1172
21.3698;2.1172
21.3718;2.1172
21.3738;2.1172
21.3785;2.1290
21.3919;2.1408
21.3921;2.1761
21.3923;2.2232
21.3956;2.2821
21.4006;2.3763
21.4058;2.5059
21.4107;2.6590
21.4164;2.8475
21.4216;3.0477
21.4313;3.2479
21.4340;3.4835
21.4480;3.7073
21.4486;3.9429
21.4521;4.1784
21.4523;4.4022
21.4557;4.6260
21.4606;4.8380
21.4660;5.0383
21.4710;5.2267
21.4761;5.4152
21.4817;5.6037
21.4932;5.7921
21.4950;5.9688
21.4969;6.1337
21.5023;6.2750
21.5157;6.3928
21.5159;6.4988
21.5161;6.5813
21.5206;6.6519
21.5256;6.7108
21.5308;6.7580
21.5360;6.7933
21.5418;6.8168
21.5469;6.8286
21.5624;6.8286
21.5666;6.8286
21.5681;6.8286
21.5697;6.8286
21.5854;6.8286
21.5858;6.8286
21.5894;6.8286
21.5895;6.8286
21.5908;6.8168
21.5958;6.7933
21.6008;6.7462
21.6056;6.6755
21.6107;6.5813
21.6208;6.4635
21.6242;6.3221
21.6392;6.1572
21.6428;5.9688
21.6431;5.7568
21.6433;5.5448
21.6461;5.3210
21.6511;5.1090
21.6562;4.8969
21.6613;4.6849
21.6665;4.4729
21.6715;4.2609
21.6760;4.0607
21.6867;3.8604
21.6895;3.6720
21.6975;3.4953
21.7048;3.3304
21.7053;3.1655
21.7089;3.0241
21.7106;2.8946
21.7157;2.7768
21.7206;2.6943
21.7259;2.6119
21.7309;2.5530
21.7362;2.5059
21.7517;2.4706
21.7550;2.4588
21.7579;2.4470
21.7622;2.4470
21.7732;2.4470
21.7768;2.4588
21.7770;2.4588
21.7772;2.4588
21.7806;2.4706
21.7857;2.4706
21.7906;2.4941
21.7957;2.5294
21.8007;2.5766
21.8098;2.6472
21.8124;2.7415
21.8311;2.8592
21.8313;3.0006
21.8315;3.1655
21.8316;3.3539
21.8364;3.5777
21.8411;3.8133
21.8461;4.0489
21.8512;4.2845
21.8560;4.5082
21.8606;4.7320
21.8657;4.9676
21.8761;5.1914
21.8779;5.4034
21.8947;5.6037
21.8984;5.7921
21.8986;5.9688
21.8988;6.1337
21.9006;6.2750
21.9058;6.3928
21.9107;6.4870
21.9157;6.5577
21.9208;6.6048
21.9257;6.6284
21.9306;6.6402
21.9383;6.6402
21.9427;6.6402
21.9568;6.6402
21.9604;6.6402
21.9605;6.6402
21.9607;6.6402
21.9656;6.6402
21.9707;6.6284
21.9756;6.6048
21.9807;6.5577
21.9857;6.4870
21.9907;6.3928
22.0024;6.2750
22.0050;6.1337
22.0069;5.9688
22.0207;5.7921
22.0246;5.5919
22.0247;5.3799
22.0261;5.1561
22.0307;4.9205
22.0357;4.6849
22.0407;4.4376
22.0457;4.1902
22.0507;3.9311
22.0557;3.6720
22.0661;3.4246
22.0671;3.1773
22.0740;2.9535
22.0849;2.7415
22.0852;2.5530
22.0889;2.3999
22.0907;2.2703
22.0956;2.1643
22.1006;2.0819
22.1061;2.0112
22.1115;1.9523
22.1161;1.9170
22.1283;1.8934
22.1301;1.8816
22.1320;1.8816
22.1474;1.8816
22.1478;1.8816
22.1490;1.8816
22.1518;1.8816
22.1566;1.8816
22.1613;1.8816
22.1660;1.8816
22.1716;1.8816
22.1761;1.8934
22.1816;1.9052
22.1908;1.9287
22.1925;1.9523
22.1968;1.9759
22.2111;2.0112
22.2123;2.0465
22.2151;2.1054
22.2156;2.1761
22.2206;2.2468
22.2256;2.3410
22.2310;2.4470
22.2366;2.5648
22.2408;2.7061
22.2465;2.8592
22.2543;3.0241
22.2578;3.1890
22.2632;3.3657
22.2737;3.5306
22.2776;3.6837
22.2778;3.8251
22.2807;3.9429
22.2856;4.0371
22.2907;4.1078
22.2961;4.1549
22.3018;4.1902
22.3057;4.2138
22.3176;4.2256
22.3202;4.2373
22.3221;4.2373
22.3291;4.2373
22.3365;4.2373
22.3402;4.2373
22.3406;4.2256
22.3457;4.2138
22.3507;4.1902
22.3556;4.1549
22.3607;4.1196
22.3660;4.0607
22.3717;3.9900
22.3869;3.8958
22.3891;3.7662
22.3920;3.6249
22.4070;3.4600
22.4109;3.2833
22.4111;3.0948
22.4112;2.8946
22.4114;2.6826
22.4158;2.4588
22.4209;2.2468
22.4261;2.0347
22.4309;1.8345
22.4454;1.6578
22.4489;1.5047
22.4500;1.3751
22.4546;1.2691
22.4694;1.1867
22.4695;1.1160
22.4697;1.0453
22.4714;0.9982
22.4763;0.9511
22.4807;0.9040
22.4860;0.8687
22.4917;0.8333
22.4967;0.8098
22.5079;0.7980
22.5092;0.7980
22.5133;0.7980
22.5283;0.7980
22.5298;0.7980
22.5325;0.7980
22.5326;0.7980
22.5357;0.7980
22.5406;0.7980
22.5457;0.7980
22.5510;0.7980
22.5561;0.7980
22.5617;0.8098
22.5779;0.8333
22.5893;0.8687
22.5933;0.9158
22.5935;0.9865
22.5936;1.0689
22.5938;1.1631
22.5956;1.2927
22.6006;1.4340
22.6057;1.5989
22.6109;1.7992
22.6159;2.0112
22.6217;2.2468
22.6423;2.4941
22.6442;2.7415
22.6559;2.9888
22.6598;3.2126
22.6600;3.4246
22.6601;3.6249
22.6603;3.8015
22.6606;3.9664
22.6656;4.1196
22.6706;4.2373
22.6759;4.3316
22.6821;4.4022
22.6857;4.4376
22.6978;4.4611
22.7009;4.4729
22.7116;4.4729
22.7156;4.4729
22.7158;4.4729
22.7159;4.4729
22.7206;4.4729
22.7257;4.4611
22.7306;4.4494
22.7359;4.4258
22.7406;4.3905
22.7462;4.3551
22.7511;4.3080
22.7630;4.2491
22.7736;4.1784
22.7776;4.0842
22.7778;3.9664
22.7780;3.8369
22.7808;3.6837
22.7856;3.5188
22.7909;3.3304
22.7961;3.1184
22.8008;2.8946
22.8059;2.6590
22.8110;2.4352
22.8332;2.2232
22.8453;2.0230
22.8458;1.8345
22.8497;1.6461
22.8499;1.4694
22.8500;1.3045
22.8502;1.1396
22.8506;0.9865
22.8556;0.8333
22.8606;0.6920
22.8657;0.5742
22.8710;0.4682
22.8761;0.3975
22.8895;0.3386
22.8939;0.2915
22.9008;0.2680
22.9049;0.2444
22.9051;0.2326
22.9057;0.2326
22.9106;0.2326
22.9157;0.2326
22.9208;0.2326
22.9260;0.2326
22.9309;0.2444
22.9367;0.2680
22.9546;0.2915
22.9603;0.3386
22.9660;0.3975
22.9698;0.4682
22.9699;0.5624
22.9701;0.6802
22.9706;0.8216
22.9757;0.9865
22.9807;1.1749
22.9868;1.3751
22.9907;1.5872
22.9963;1.8110
23.0013;2.0583
23.0233;2.3174
23.0357;2.5648
23.0396;2.8239
23.0398;3.0595
23.0400;3.2715
23.0401;3.4835
23.0403;3.6602
23.0406;3.8251
23.0457;3.9664
23.0506;4.0724
23.0557;4.1549
23.0607;4.2138
23.0659;4.2491
23.0791;4.2727
23.0895;4.2845
23.0935;4.2845
23.0937;4.2845
23.0939;4.2845
23.0956;4.2845
23.1006;4.2845
23.1057;4.2727
23.1107;4.2609
23.1161;4.2373
23.1211;4.2138
23.1268;4.1784
23.1308;4.1196
23.1411;4.0489
23.1516;3.9547
23.1556;3.8486
23.1558;3.7309
23.1560;3.5895
23.1606;3.4364
23.1657;3.2597
23.1707;3.0713
23.1760;2.8828
23.1809;2.6708
23.1867;2.4588
23.1915;2.2468
23.2096;2.0230
23.2247;1.8110
23.2253;1.6107
23.2255;1.4105
23.2256;1.2220
23.2258;1.0336
23.2259;0.8569
23.2306;0.6920
23.2357;0.5389
23.2407;0.4211
23.2458;0.3151
23.2508;0.2444
23.2661;0.2091
23.2712;0.1737
23.2864;0.1620
23.2865;0.1502
23.2867;0.1384
23.2869;0.1384
23.2870;0.1384
23.2915;0.1384
23.2965;0.1384
23.3018;0.1384
23.3059;0.1502
23.3109;0.1620
23.3159;0.1855
23.3304;0.2326
23.3358;0.2915
23.3475;0.3857
23.3479;0.5035
23.3518;0.6567
23.3519;0.8333
23.3521;1.0336
23.3556;1.2456
23.3606;1.4694
23.3660;1.6932
23.3710;1.9170
23.3768;2.1525
23.3809;2.3881
23.4080;2.6119
23.4085;2.8357
23.4124;3.0477
23.4126;3.2244
23.4127;3.4011
23.4129;3.5424
23.4160;3.6602
23.4210;3.7544
23.4263;3.8133
23.4314;3.8604
23.4363;3.8840
23.4412;3.8958
23.4536;3.9193
23.4572;3.9311
23.4685;3.9429
23.4725;3.9547
23.4727;3.9429
23.4729;3.9311
23.4758;3.9193
23.4808;3.9075
23.4857;3.9075
23.4910;3.8958
23.4961;3.8722
23.5010;3.8369
23.5061;3.7780
23.5281;3.6955
23.5404;3.5895
23.5443;3.4600
23.5445;3.2951
23.5447;3.1066
23.5448;2.8828
23.5450;2.6237
23.5456;2.3645
23.5506;2.0936
23.5556;1.8110
23.5607;1.5283
23.5657;1.2338
23.5708;0.9393
23.5845;0.6684
23.5902;0.4329
23.5958;0.2562
23.5998;0.1502
23.5999;0.1031
23.6006;0.0913
23.6057;0.0913
23.6107;0.0913
23.6157;0.0913
23.6210;0.0913
23.6260;0.0913
23.6312;0.0913
23.6361;0.0913
23.6537;0.0913
23.6656;0.0913
23.6698;0.0913
23.6700;0.0913
23.6702;0.0913
23.6703;0.0913
23.6706;0.0913
23.6756;0.0913
23.6807;0.0913
23.6858;0.0913
23.6909;0.0913
23.6962;0.0913
23.7130;0.0913
23.7242;0.0913
23.7284;0.1148
23.7286;0.1855
23.7289;0.3151
23.7290;0.5153
23.7306;0.7509
23.7356;1.0100
23.7407;1.2809
23.7457;1.5518
23.7510;1.8227
23.7559;2.0936
23.7769;2.3645
23.7882;2.6237
23.7923;2.8828
23.7925;3.1302
23.7927;3.3657
23.7929;3.6013
23.7930;3.8133
23.7959;4.0135
23.8008;4.1902
23.8058;4.3316
23.8108;4.4611
23.8168;4.5671
23.8218;4.6496
23.8409;4.7085
23.8526;4.7438
23.8567;4.7674
23.8569;4.7674
23.8571;4.7792
23.8572;4.7909
23.8574;4.7792
23.8606;4.7792
23.8656;4.7674
23.8708;4.7556
23.8756;4.7556
23.8808;4.7556
23.8862;4.7438
23.9062;4.7203
23.9190;4.6849
23.9231;4.6260
23.9233;4.5554
23.9234;4.4611
23.9236;4.3433
23.9237;4.2020
23.9256;4.0253
23.9306;3.8251
23.9356;3.6013
23.9410;3.3657
23.9457;3.1302
23.9603;2.8828
23.9642;2.6355
23.9747;2.3881
23.9789;2.1408
23.9791;1.9052
23.9794;1.6814
23.9808;1.4694
23.9864;1.2691
23.9914;1.0925
23.9969;0.9276
24.0006;0.7744
24.0064;0.6449
24.0113;0.5389
24.0333;0.4564
24.0453;0.3975
24.0497;0.3622
24.0498;0.3386
24.0500;0.3269
24.0502;0.3269
24.0503;0.3269
24.0506;0.3269
24.0556;0.3269
24.0606;0.3269
24.0661;0.3269
24.0711;0.3386
24.0769;0.3622
24.0900;0.4093
24.1008;0.4918
24.1051;0.5978
24.1053;0.7273
24.1054;0.8922
24.1056;1.0807
24.1107;1.2809
24.1157;1.5047
24.1208;1.7403
24.1257;1.9759
24.1309;2.2350
24.1367;2.5059
24.1410;2.7768
24.1622;3.0477
24.1747;3.3068
24.1792;3.5660
24.1793;3.8015
24.1795;4.0371
24.1797;4.2609
24.1798;4.4611
24.1806;4.6496
24.1856;4.8027
24.1907;4.9323
24.1956;5.0383
24.2014;5.1207
24.2065;5.1796
24.2232;5.2150
24.2342;5.2385
24.2384;5.2503
24.2386;5.2503
24.2387;5.2503
24.2389;5.2503
24.2407;5.2385
24.2456;5.2385
24.2512;5.2385
24.2556;5.2267
24.2606;5.2267
24.2660;5.2150
24.2812;5.1796
24.2918;5.1207
24.2961;5.0265
24.2963;4.8969
24.2964;4.7438
24.2966;4.5671
24.3010;4.3669
24.3060;4.1549
24.3116;3.9311
24.3169;3.6837
24.3217;3.4364
24.3268;3.1773
24.3318;2.9064
24.3524;2.6355
24.3660;2.3645
24.3690;2.1054
24.3691;1.8698
24.3693;1.6461
24.3695;1.4340
24.3696;1.2456
24.3709;1.0689
24.3759;0.9158
24.3809;0.7980
24.3867;0.7038
24.3908;0.6331
24.3956;0.5860
24.4141;0.5506
24.4198;0.5271
24.4211;0.5153
24.4243;0.5153
24.4245;0.5153
24.4258;0.5153
24.4308;0.5153
24.4357;0.5153
24.4411;0.5271
24.4462;0.5389
24.4510;0.5624
24.4561;0.5978
24.4710;0.6449
24.4742;0.7155
24.4889;0.8098
24.4892;0.9393
24.4893;1.0925
24.4895;1.2809
24.4908;1.4929
24.4959;1.7285
24.5006;1.9759
24.5057;2.2350
24.5107;2.5177
24.5157;2.8121
24.5207;3.1184
24.5354;3.4482
24.5461;3.7544
24.5504;4.0489
24.5505;4.3316
24.5507;4.5789
24.5509;4.8263
24.5556;5.0501
24.5607;5.2621
24.5661;5.4505
24.5710;5.6154
24.5761;5.7450
24.5812;5.8510
24.5862;5.9217
24.6005;5.9570
24.6109;5.9923
24.6154;6.0041
24.6156;6.0159
24.6157;6.0277
24.6159;6.0277
24.6206;6.0277
24.6256;6.0277
24.6308;6.0277
24.6356;6.0159
24.6407;6.0041
24.6457;5.9688
24.6593;5.9217
24.6650;5.8746
24.6704;5.8039
24.6707;5.7214
24.6751;5.6154
24.6756;5.4859
24.6806;5.3327
24.6857;5.1796
24.6919;5.0147
24.6962;4.8263
24.7017;4.6378
24.7057;4.4258
24.7110;4.2020
24.7232;3.9782
24.7235;3.7426
24.7380;3.5188
24.7382;3.2833
24.7384;3.0595
24.7412;2.8357
24.7463;2.6119
24.7512;2.4117
24.7560;2.2232
24.7615;2.0583
24.7661;1.9170
24.7716;1.7992
24.7757;1.6932
24.7872;1.6107
24.7874;1.5283
24.7983;1.4694
24.7986;1.4340
24.8029;1.4105
24.8057;1.4105
24.8108;1.4105
24.8159;1.4105
24.8211;1.4105
24.8264;1.4105
24.8318;1.4105
24.8357;1.4105
24.8475;1.4105
24.8493;1.4105
24.8643;1.4223
24.8691;1.4458
24.8693;1.4929
24.8695;1.5754
24.8707;1.6814
24.8757;1.8110
24.8807;1.9641
24.8862;2.1408
24.8910;2.3528
24.8961;2.5883
24.9006;2.8475
24.9114;3.1184
24.9159;3.3893
24.9197;3.6602
24.9270;3.9311
24.9315;4.1902
24.9317;4.4376
24.9363;4.6731
24.9408;4.8852
24.9461;5.0854
24.9511;5.2621
24.9560;5.4270
24.9615;5.5683
24.9662;5.6861
24.9738;5.7921
24.9785;5.8746
24.9893;5.9452
24.9895;5.9923
24.9938;6.0159
24.9956;6.0277
25.0006;6.0277
25.0057;6.0159
25.0107;6.0159
25.0157;6.0159
25.0217;6.0159
25.0258;6.0277
25.0372;6.0159
25.0397;6.0041
25.0469;5.9923
25.0539;5.9688
25.0584;5.9452
25.0586;5.8981
25.0606;5.8274
25.0656;5.7450
25.0707;5.6390
25.0757;5.5212
25.0810;5.3799
25.0861;5.2150
25.0914;5.0265
25.1016;4.8145
25.1061;4.5907
25.1099;4.3551
25.1120;4.1196
25.1218;3.8840
25.1220;3.6484
25.1257;3.4246
25.1306;3.2008
25.1360;3.0006
25.1412;2.8121
25.1462;2.6237
25.1510;2.4706
25.1561;2.3292
25.1644;2.2232
25.1781;2.1408
25.1785;2.0819
25.1788;2.0347
25.1831;1.9994
25.1860;1.9876
25.1911;1.9759
25.1960;1.9759
25.2008;1.9759
25.2060;1.9759
25.2114;1.9759
25.2158;1.9759
25.2267;1.9876
25.2320;1.9994
25.2428;2.0230
25.2431;2.0701
25.2435;2.1172
25.2479;2.1996
25.2508;2.3057
25.2558;2.4234
25.2609;2.5766
25.2662;2.7415
25.2713;2.9299
25.2757;3.1302
25.2810;3.3304
25.2951;3.5424
25.3010;3.7426
25.3088;3.9429
25.3092;4.1549
25.3136;4.3433
25.3138;4.5318
25.3156;4.7085
25.3207;4.8616
25.3257;5.0029
25.3306;5.1207
25.3366;5.2267
25.3417;5.3210
25.3469;5.4034
25.3632;5.4741
25.3674;5.5212
25.3787;5.5565
25.3832;5.5801
25.3834;5.6037
25.3836;5.6272
25.3837;5.6390
25.3856;5.6508
25.3906;5.6508
25.3957;5.6625
25.4015;5.6625
25.4065;5.6625
25.4117;5.6625
25.4238;5.6508
25.4275;5.6508
25.4424;5.6508
25.4426;5.6508
25.4428;5.6508
25.4430;5.6508
25.4459;5.6508
25.4508;5.6390
25.4561;5.6154
25.4611;5.5801
25.4660;5.5330
25.4710;5.4741
25.4761;5.4034
25.4974;5.3092
25.5098;5.2032
25.5142;5.0736
25.5144;4.9323
25.5146;4.7909
25.5148;4.6260
25.5149;4.4611
25.5156;4.2845
25.5206;4.0960
25.5257;3.9075
25.5307;3.7191
25.5360;3.5306
25.5509;3.3304
25.5620;3.1184
25.5624;2.9181
25.5669;2.7061
25.5671;2.5059
25.5673;2.3174
25.5706;2.1172
25.5756;1.9287
25.5807;1.7403
25.5860;1.5518
25.5915;1.3751
25.5965;1.2102
25.6183;1.0571
25.6254;0.9276
25.6404;0.8098
25.6419;0.7038
25.6455;0.6213
25.6456;0.5389
25.6458;0.4682
25.6459;0.4211
25.6461;0.3740
25.6462;0.3504
25.6508;0.3386
25.6568;0.3269
25.6687;0.3269
25.6691;0.3269
25.6852;0.3269
25.6855;0.3269
25.6857;0.3269
25.6859;0.3269
25.6910;0.3269
25.6961;0.3269
25.7014;0.3269
25.7064;0.3269
25.7217;0.3269
25.7365;0.3269
25.7411;0.3386
25.7413;0.3622
25.7415;0.3975
25.7417;0.4564
25.7418;0.5271
25.7457;0.6213
25.7507;0.7391
25.7558;0.8804
25.7606;1.0453
25.7660;1.2338
25.7710;1.4458
25.7862;1.6696
25.7965;1.9052
25.8011;2.1408
25.8013;2.3881
25.8015;2.6472
25.8016;2.9064
25.8061;3.1655
25.8106;3.4128
25.8159;3.6602
25.8218;3.8958
25.8261;4.1196
25.8310;4.3316
25.8360;4.5200
25.8492;4.6967
25.8533;4.8616
25.8640;5.0265
25.8685;5.1796
25.8687;5.3327
25.8689;5.4859
25.8707;5.6272
25.8757;5.7803
25.8807;5.9335
25.8860;6.0866
25.8915;6.2397
25.8959;6.3810
25.9010;6.5106
25.9203;6.6284
25.9365;6.7462
25.9367;6.8404
25.9368;6.9346
25.9370;7.0171
25.9372;7.0642
25.9373;7.1113
25.9407;7.1349
25.9456;7.1466
25.9510;7.1584
25.9562;7.1584
25.9614;7.1584
25.9722;7.1584
25.9808;7.1584
25.9868;7.1584
25.9872;7.1584
25.9917;7.1466
25.9918;7.1349
25.9964;7.1113
26.0013;7.0642
26.0068;7.0171
26.0114;6.9464
26.0159;6.8522
26.0217;6.7462
26.0267;6.6166
26.0438;6.4635
26.0578;6.2986
26.0623;6.1219
26.0625;5.9217
26.0627;5.7097
26.0628;5.4859
26.0630;5.2503
26.0658;5.0147
26.0707;4.7674
26.0762;4.5200
26.0812;4.2609
26.0862;3.9782
26.0909;3.6955
26.1054;3.4011
26.1094;3.1184
26.1202;2.8357
26.1248;2.5530
26.1250;2.2703
26.1251;1.9876
26.1256;1.7285
26.1305;1.4929
26.1357;1.2691
26.1406;1.0689
26.1459;0.8804
26.1511;0.7038
26.1634;0.5506
26.1766;0.3975
26.1780;0.2797
26.1815;0.1855
26.1816;0.1266
26.1818;0.1031
26.1863;0.0913
26.1907;0.0913
26.1958;0.0913
26.2009;0.0913
26.2060;0.0913
26.2112;0.0913
26.2161;0.0913
26.2320;0.0913
26.2475;0.0913
26.2521;0.0913
26.2522;0.0913
26.2524;0.0913
26.2526;0.0913
26.2527;0.0913
26.2556;0.0913
26.2606;0.0913
26.2660;0.0913
26.2718;0.0913
26.2767;0.1031
26.2916;0.1502
26.3061;0.2208
26.3108;0.3269
26.3110;0.4800
26.3111;0.6449
26.3113;0.8451
26.3114;1.0689
26.3159;1.2809
26.3210;1.4929
26.3257;1.6932
26.3312;1.8816
26.3359;2.0701
26.3409;2.2468
26.3541;2.4234
26.3651;2.5883
26.3695;2.7297
26.3697;2.8710
26.3699;2.9888
26.3706;3.0830
26.3757;3.1655
26.3806;3.2244
26.3858;3.2715
26.3910;3.3068
26.3968;3.3304
26.4009;3.3539
26.4060;3.3657
26.4252;3.3775
26.4412;3.3775
26.4414;3.3775
26.4416;3.3775
26.4417;3.3657
26.4418;3.3775
26.4420;3.3775
26.4457;3.3775
26.4507;3.3775
26.4557;3.3657
26.4607;3.3539
26.4661;3.3304
26.4760;3.3186
26.4908;3.2951
26.4912;3.2597
26.4958;3.2126
26.4960;3.1302
26.4961;3.0124
26.5008;2.8828
26.5058;2.7179
26.5110;2.5530
26.5157;2.3763
26.5211;2.1761
26.5257;1.9876
26.5307;1.7756
26.5430;1.5636
26.5535;1.3398
26.5539;1.1160
26.5584;0.8922
26.5586;0.6684
26.5606;0.4682
26.5657;0.2915
26.5706;0.1737
26.5757;0.1148
26.5808;0.0913
26.5866;0.0913
26.5914;0.0913
26.6138;0.0913
26.6256;0.0913
26.6304;0.0913
26.6306;0.0913
26.6307;0.0913
26.6309;0.0913
26.6311;0.0913
26.6313;0.0913
26.6358;0.0913
26.6409;0.0913
26.6459;0.0913
26.6509;0.0913
26.6560;0.0913
26.6706;0.0913
26.6745;0.0913
26.6851;0.0913
26.6899;0.0913
26.6900;0.0913
26.6902;0.0913
26.6906;0.0913
26.6956;0.0913
26.7007;0.0913
26.7060;0.0913
26.7111;0.0913
26.7161;0.0913
26.7210;0.0913
26.7380;0.0913
26.7490;0.0913
26.7537;0.0913
26.7539;0.0913
26.7541;0.0913
26.7542;0.0913
26.7556;0.0913
26.7606;0.0913
26.7657;0.1148
26.7707;0.2091
26.7756;0.3740
26.7807;0.6095
26.7947;0.8804
26.8055;1.1396
26.8103;1.3869
26.8105;1.6107
26.8107;1.8345
26.8108;2.0347
26.8156;2.2232
26.8206;2.4117
26.8256;2.5648
26.8307;2.7179
26.8360;2.8475
26.8411;2.9417
26.8461;3.0359
26.8650;3.0948
26.8767;3.1302
26.8779;3.1655
26.8818;3.1773
26.8820;3.1890
26.8821;3.1890
26.8823;3.1890
26.8857;3.1890
26.8907;3.1773
26.8961;3.1890
26.9014;3.1890
26.9065;3.1773
26.9210;3.1773
26.9258;3.1655
26.9365;3.1419
26.9413;3.1302
26.9415;3.1066
26.9417;3.0595
26.9418;3.0124
26.9462;2.9417
26.9511;2.8710
26.9563;2.7886
26.9611;2.6708
26.9661;2.5412
26.9710;2.3763
26.9888;2.1996
27.0005;2.0230
27.0042;1.8345
27.0044;1.6343
27.0045;1.4223
27.0047;1.1985
27.0057;0.9629
27.0106;0.7273
27.0156;0.5035
27.0208;0.3151
27.0256;0.1855
27.0308;0.1148
27.0441;0.0913
27.0475;0.0913
27.0584;0.0913
27.0630;0.0913
27.0632;0.0913
27.0633;0.0913
27.0662;0.0913
27.0713;0.0913
27.0763;0.0913
27.0817;0.0913
27.0865;0.0913
27.0914;0.0913
27.0964;0.0913
27.1163;0.0913
27.1314;0.0913
27.1362;0.0913
27.1364;0.0913
27.1366;0.0913
27.1367;0.0913
27.1369;0.0913
27.1370;0.0913
27.1407;0.0913
27.1457;0.0913
27.1507;0.0913
27.1558;0.0913
27.1608;0.0913
27.1798;0.0913
27.1904;0.0913
27.1950;0.0913
27.1953;0.1266
27.1954;0.2208
27.1956;0.3740
27.1957;0.5978
27.2007;0.8451
27.2057;1.0807
27.2108;1.3280
27.2159;1.5518
27.2211;1.7638
27.2397;1.9876
27.2543;2.1761
27.2547;2.3645
27.2596;2.5412
27.2598;2.6943
27.2599;2.8475
27.2601;2.9770
27.2606;3.0830
27.2656;3.1655
27.2707;3.2244
27.2757;3.2715
27.2811;3.2951
27.2861;3.3186
27.3075;3.3304
27.3187;3.3304
27.3235;3.3422
27.3236;3.3422
27.3238;3.3422
27.3240;3.3422
27.3241;3.3304
27.3256;3.3186
27.3306;3.3068
27.3356;3.2951
27.3406;3.2833
27.3457;3.2597
27.3509;3.2362
27.3624;3.2008
27.3732;3.1537
27.3780;3.0948
27.3782;3.0124
27.3783;2.9181
27.3812;2.8121
27.3863;2.6943
27.3916;2.5530
27.3959;2.3881
27.4011;2.2114
27.4068;2.0230
27.4110;1.8227
27.4253;1.6107
27.4362;1.3987
27.4376;1.1867
27.4412;0.9865
27.4414;0.7980
27.4415;0.6213
27.4460;0.4564
27.4506;0.3151
27.4556;0.2091
27.4606;0.1384
27.4659;0.1031
27.4711;0.0913
27.4760;0.0913
27.4888;0.0913
27.4929;0.0913
27.4998;0.0913
27.5046;0.0913
27.5048;0.0913
27.5056;0.0913
27.5106;0.0913
27.5156;0.0913
27.5207;0.0913
27.5257;0.0913
27.5306;0.0913
27.5356;0.0913
27.5484;0.0913
27.5543;0.0913
27.5623;0.0913
27.5672;0.0913
27.5673;0.0913
27.5675;0.0913
27.5707;0.0913
27.5756;0.0913
27.5807;0.0913
27.5859;0.0913
27.5910;0.0913
27.5960;0.1148
27.6010;0.1855
27.6236;0.3151
27.6241;0.5035
27.6245;0.7273
27.6363;0.9511
27.6414;1.1749
27.6415;1.3869
27.6417;1.5872
27.6418;1.7874
27.6457;1.9641
27.6507;2.1290
27.6558;2.2821
27.6609;2.4234
27.6663;2.5648
27.6790;2.6826
27.6794;2.7886
27.6945;2.8710
27.6947;2.9299
27.6948;2.9888
27.6956;3.0359
27.7006;3.0713
27.7056;3.0948
27.7111;3.1066
27.7166;3.1066
27.7211;3.1066
27.7262;3.1066
27.7308;3.1066
27.7511;3.1066
27.7629;3.1066
27.7679;3.1066
27.7681;3.1066
27.7682;3.1066
27.7684;3.0948
27.7685;3.0830
27.7707;3.0595
27.7756;3.0124
27.7808;2.9535
27.7866;2.8710
27.7915;2.7532
27.8104;2.6237
27.8160;2.4706
27.8321;2.2939
27.8323;2.1054
27.8325;1.8934
27.8326;1.6814
27.8328;1.4576
27.8329;1.2456
27.8359;1.0336
27.8408;0.8216
27.8460;0.6331
27.8508;0.4564
27.8557;0.3151
27.8692;0.2091
27.8737;0.1384
27.8740;0.1031
27.8856;0.0913
27.8905;0.0913
27.8907;0.0913
27.8909;0.0913
27.8957;0.0913
27.9007;0.0913
27.9056;0.0913
27.9108;0.0913
27.9159;0.0913
27.9209;0.0913
27.9397;0.0913
27.9567;0.0913
27.9572;0.0913
27.9619;0.0913
27.9620;0.0913
27.9622;0.0913
27.9623;0.0913
27.9625;0.0913
27.9656;0.0913
27.9706;0.0913
27.9756;0.0913
27.9808;0.1148
27.9859;0.1737
28.0059;0.2915
28.0165;0.4682
28.0170;0.6802
28.0221;0.9040
28.0222;1.1278
28.0224;1.3516
28.0226;1.5636
28.0256;1.7756
28.0306;1.9876
28.0358;2.1761
28.0407;2.3645
28.0456;2.5412
28.0508;2.7061
28.0677;2.8710
28.0739;3.0124
28.0837;3.1419
28.0914;3.2479
28.0917;3.3304
28.0918;3.4011
28.0920;3.4482
28.0922;3.4835
28.0957;3.5071
28.1006;3.5188
28.1060;3.5306
28.1110;3.5306
28.1211;3.5306
28.1243;3.5306
28.1277;3.5306
28.1428;3.5188
28.1431;3.5071
28.1433;3.4953
28.1461;3.4835
28.1512;3.4717
28.1561;3.4482
28.1617;3.4011
28.1659;3.3422
28.1709;3.2597
28.1758;3.1537
28.1924;3.0359
28.1977;2.9064
28.2092;2.7532
28.2140;2.6001
28.2142;2.4352
28.2143;2.2468
28.2145;2.0819
28.2157;1.9052
28.2207;1.7285
28.2257;1.5636
28.2310;1.3987
28.2367;1.2456
28.2409;1.1042
28.2573;0.9747
28.2679;0.8569
28.2731;0.7627
28.2732;0.6920
28.2734;0.6331
28.2736;0.5860
28.2756;0.5506
28.2806;0.5271
28.2860;0.5153
28.2911;0.5153
28.2968;0.5153
28.3016;0.5153
28.3187;0.5153
28.3338;0.5153
28.3390;0.5153
28.3392;0.5153
28.3394;0.5153
28.3395;0.5153
28.3397;0.5271
28.3407;0.5389
28.3456;0.5624
28.3506;0.5978
28.3557;0.6331
28.3608;0.6920
28.3659;0.7627
28.3766;0.8569
28.3807;0.9629
28.3911;1.0807
28.3925;1.1985
28.3964;1.3045
28.3965;1.4105
28.4011;1.5047
28.4061;1.5989
28.4112;1.6814
28.4157;1.7521
28.4206;1.7992
28.4258;1.8227
28.4306;1.8463
28.4422;1.8463
28.4485;1.8581
28.4543;1.8698
28.4591;1.8581
28.4593;1.8581
28.4606;1.8463
28.4656;1.8345
28.4707;1.8345
28.4759;1.8227
28.4810;1.8110
28.4860;1.7874
28.4909;1.7521
28.5159;1.7285
28.5293;1.7049
28.5343;1.6814
28.5345;1.6696
28.5347;1.6578
28.5348;1.6343
28.5350;1.6225
28.5351;1.6107
28.5356;1.5989
28.5406;1.5989
28.5456;1.5989
28.5507;1.5989
28.5557;1.5989
28.5717;1.5989
28.5758;1.6107
28.5915;1.6225
28.5916;1.6343
28.5918;1.6461
28.5920;1.6578
28.5921;1.6696
28.5956;1.6932
28.6006;1.7285
28.6058;1.7521
28.6108;1.7874
28.6159;1.8227
28.6293;1.8463
28.6366;1.8698
28.6387;1.8816
28.6409;1.8816
28.6445;1.8816
28.6495;1.8934
28.6507;1.8934
28.6558;1.8934
28.6607;1.8934
28.6662;1.8816
28.6716;1.8816
28.6767;1.8816
28.6809;1.8698
28.7024;1.8463
28.7139;1.8110
28.7188;1.7638
28.7189;1.7167
28.7191;1.6696
28.7193;1.6225
28.7194;1.5636
28.7206;1.5047
28.7256;1.4576
28.7306;1.4105
28.7360;1.3751
28.7410;1.3516
28.7460;1.3163
28.7603;1.2927
28.7715;1.2691
28.7729;1.2456
28.7766;1.2338
28.7768;1.2220
28.7770;1.2220
28.7806;1.2220
28.7856;1.2220
28.7909;1.2220
28.7961;1.2220
28.8012;1.2220
28.8058;1.2220
28.8106;1.2220
28.8314;1.2220
28.8431;1.2220
28.8481;1.2220
28.8482;1.2220
28.8484;1.2220
28.8486;1.2338
28.8487;1.2456
28.8508;1.2691
28.8556;1.3163
28.8607;1.3634
28.8661;1.4223
28.8709;1.4929
28.8842;1.5636
28.8983;1.6343
28.8986;1.7167
28.9036;1.7874
28.9038;1.8463
28.9039;1.9052
28.9056;1.9405
28.9113;1.9759
28.9157;1.9994
28.9211;2.0112
28.9258;2.0230
28.9310;2.0230
28.9362;2.0230
28.9568;2.0230
28.9684;2.0230
28.9735;2.0230
28.9736;2.0112
28.9738;1.9994
28.9740;1.9876
28.9741;1.9523
28.9756;1.9170
28.9806;1.8698
28.9856;1.7992
28.9908;1.7285
28.9959;1.6578
29.0010;1.5754
29.0147;1.4929
29.0190;1.4105
29.0258;1.3280
29.0309;1.2456
29.0310;1.1631
29.0312;1.0925
29.0359;1.0218
29.0406;0.9747
29.0458;0.9393
29.0513;0.9158
29.0561;0.9040
29.0607;0.8804
29.0772;0.8804
29.0877;0.8804
29.0927;0.8804
29.0929;0.8922
29.0930;0.8922
29.0932;0.8922
29.0956;0.8922
29.1006;0.8922
29.1059;0.8922
29.1108;0.9040
29.1160;0.9158
29.1210;0.9276
29.1259;0.9629
29.1435;0.9982
29.1548;1.0453
29.1599;1.1160
29.1601;1.1749
29.1603;1.2456
29.1605;1.3163
29.1606;1.3869
29.1656;1.4576
29.1707;1.5283
29.1757;1.5989
29.1809;1.6578
29.1868;1.7049
29.1908;1.7403
29.2089;1.7521
29.2202;1.7638
29.2253;1.7756
29.2255;1.7756
29.2256;1.7874
29.2258;1.7874
29.2259;1.7874
29.2306;1.7874
29.2357;1.7756
29.2406;1.7638
29.2459;1.7521
29.2510;1.7403
29.2662;1.7403
29.2702;1.7285
29.2774;1.6932
29.2824;1.6343
29.2825;1.5518
29.2827;1.4576
29.2856;1.3634
29.2906;1.2691
29.2957;1.1749
29.3008;1.0807
29.3060;0.9865
29.3111;0.8922
29.3159;0.8098
29.3259;0.7391
29.3392;0.6920
29.3397;0.6567
29.3446;0.6331
29.3448;0.6213
29.3456;0.5978
29.3506;0.5860
29.3557;0.5860
29.3607;0.5860
29.3659;0.5978
29.3707;0.6095
29.3759;0.6095
29.3973;0.6095
29.4089;0.6095
29.4146;0.6095
29.4148;0.6095
29.4150;0.6213
29.4151;0.6331
29.4153;0.6449
29.4157;0.6684
29.4206;0.6920
29.4257;0.7391
29.4306;0.8098
29.4356;0.8804
29.4406;0.9629
29.4561;1.0453
29.4612;1.1160
29.4700;1.1985
29.4754;1.2691
29.4756;1.3280
29.4757;1.3987
29.4759;1.4576
29.4806;1.5047
29.4856;1.5518
29.4906;1.5754
29.4959;1.5989
29.5009;1.6225
29.5057;1.6343
29.5263;1.6461
29.5379;1.6461
29.5434;1.6461
29.5436;1.6461
29.5437;1.6461
29.5439;1.6461
29.5441;1.6461
29.5456;1.6461
29.5506;1.6461
29.5557;1.6461
29.5612;1.6343
29.5661;1.6225
29.5712;1.6107
29.5840;1.5989
29.5843;1.5989
29.5952;1.5872
29.6005;1.5754
29.6007;1.5636
29.6009;1.5518
29.6056;1.5518
29.6108;1.5518
29.6160;1.5518
29.6216;1.5518
29.6266;1.5518
29.6311;1.5518
29.6469;1.5518
29.6593;1.5518
29.6648;1.5518
29.6650;1.5518
29.6651;1.5518
29.6653;1.5518
29.6656;1.5518
29.6706;1.5518
29.6756;1.5518
29.6809;1.5636
29.6860;1.5754
29.6911;1.5989
29.6957;1.6343
29.7182;1.6696
29.7302;1.7167
29.7352;1.7638
29.7354;1.8110
29.7356;1.8581
29.7357;1.9052
29.7359;1.9405
29.7360;1.9759
29.7406;1.9994
29.7457;2.0112
29.7508;2.0230
29.7559;2.0230
29.7609;2.0230
29.7756;2.0230
29.7863;2.0230
29.7914;2.0230
29.7915;2.0230
29.7917;2.0230
29.7919;2.0230
29.7956;2.0112
29.8006;1.9876
29.8059;1.9523
29.8109;1.9170
29.8159;1.8816
29.8209;1.8463
29.8379;1.8110
29.8421;1.7756
29.8531;1.7403
29.8585;1.7167
29.8587;1.6932
29.8589;1.6696
29.8590;1.6461
29.8607;1.6225
29.8656;1.6107
29.8707;1.5989
29.8758;1.5989
29.8809;1.5989
29.8860;1.5989
29.9008;1.5989
29.9062;1.5989
29.9223;1.5989
29.9225;1.5989
29.9226;1.5989
29.9228;1.5989
29.9229;1.6107
29.9258;1.6107
29.9308;1.6107
29.9358;1.6225
29.9411;1.6225
29.9465;1.6343
29.9677;1.6461
29.9786;1.6578
29.9790;1.6696
29.9841;1.6814
29.9843;1.6932
29.9844;1.6932
29.9846;1.6932
29.9857;1.6932
29.9906;1.6932
29.9957;1.6932
30.0009;1.7049
30.0057;1.7049
30.0108;1.7049
30.0269;1.7049
30.0434;1.6932
30.0489;1.6932
30.0491;1.6932
30.0493;1.6814
30.0494;1.6578
30.0496;1.6225
30.0507;1.5872
30.0556;1.5636
30.0606;1.5400
30.0656;1.5165
30.0708;1.4929
30.0759;1.4694
30.0890;1.4458
30.0931;1.4340
30.1030;1.4223
30.1080;1.4105
30.1082;1.4105
30.1083;1.4105
30.1107;1.4105
30.1156;1.4223
30.1206;1.4340
30.1256;1.4458
30.1309;1.4576
30.1360;1.4576
30.1525;1.4576
30.1586;1.4576
30.1693;1.4576
30.1744;1.4576
30.1747;1.4576
30.1748;1.4576
30.1750;1.4576
30.1756;1.4576
30.1807;1.4576
30.1856;1.4576
30.1906;1.4576
30.1956;1.4576
30.2009;1.4576
30.2181;1.4576
30.2233;1.4576
30.2340;1.4576
30.2393;1.4576
30.2395;1.4576
30.2396;1.4576
30.2398;1.4576
30.2407;1.4458
30.2456;1.4458
30.2506;1.4340
30.2558;1.4105
30.2610;1.3987
30.2661;1.3634
30.2783;1.3398
30.2845;1.3163
30.2867;1.2927
30.2940;1.2809
30.2980;1.2691
30.2982;1.2574
30.3013;1.2456
30.3056;1.2338
30.3108;1.2220
30.3168;1.2338
30.3209;1.2338
30.3260;1.2456
30.3469;1.2456
30.3530;1.2456
30.3676;1.2456
30.3678;1.2456
30.3680;1.2574
30.3681;1.2574
30.3683;1.2691
30.3684;1.2691
30.3706;1.2809
30.3757;1.2927
30.3806;1.3045
30.3865;1.3280
30.3908;1.3398
30.4043;1.3634
30.4087;1.3869
30.4195;1.3987
30.4245;1.4223
30.4247;1.4340
30.4248;1.4458
30.4256;1.4576
30.4307;1.4576
30.4356;1.4576
30.4407;1.4576
30.4460;1.4576
30.4516;1.4576
30.4557;1.4576
30.4730;1.4576
30.4802;1.4576
30.4918;1.4576
30.4969;1.4576
30.4971;1.4576
30.4973;1.4576
30.4975;1.4576
30.4977;1.4458
30.5006;1.4340
30.5056;1.4105
30.5109;1.3751
30.5161;1.3280
30.5210;1.2338
30.5377;1.1042
30.5482;0.9393
30.5486;0.7391
30.5539;0.5389
30.5541;0.3504
30.5542;0.2091
30.5556;0.1266
30.5606;0.0913
30.5656;0.0913
30.5707;0.0913
30.5757;0.0913
30.5808;0.0913
30.5945;0.0913
30.5987;0.0913
30.6144;0.0913
30.6146;0.0913
30.6147;0.0913
30.6149;0.0913
30.6156;0.0913
30.6206;0.0913
30.6256;0.0913
30.6308;0.0913
30.6357;0.0913
30.6407;0.0913
30.6459;0.0913
30.6602;0.0913
30.6749;0.0913
30.6803;0.0913
30.6804;0.0913
30.6806;0.0913
30.6807;0.0913
30.6809;0.1031
30.6858;0.1502
30.6907;0.2208
30.6961;0.3386
30.7009;0.4918
30.7059;0.6567
30.7219;0.8451
30.7360;1.0218
30.7414;1.1867
30.7416;1.3398
30.7417;1.4812
30.7419;1.6225
30.7420;1.7521
30.7456;1.8698
30.7507;1.9641
30.7558;2.0347
30.7608;2.0936
30.7659;2.1290
30.7709;2.1643
30.7834;2.1761
30.7979;2.1879
30.7983;2.1879
30.8034;2.1761
30.8035;2.1761
30.8037;2.1643
30.8056;2.1643
30.8106;2.1525
30.8157;2.1172
30.8208;2.0701
30.8257;1.9876
30.8308;1.8934
30.8358;1.7992
30.8543;1.6932
30.8593;1.5872
30.8630;1.4694
30.8668;1.3516
30.8683;1.2102
30.8725;1.0689
30.8727;0.9393
30.8757;0.8098
30.8808;0.7038
30.8859;0.6213
30.8910;0.5389
30.8965;0.4682
30.9103;0.4211
30.9160;0.3857
30.9266;0.3622
30.9318;0.3504
30.9320;0.3386
30.9321;0.3269
30.9323;0.3269
30.9356;0.3269
30.9407;0.3269
30.9457;0.3269
30.9509;0.3386
30.9559;0.3504
30.9738;0.3622
30.9794;0.3857
30.9945;0.4093
30.9953;0.4564
30.9955;0.5271
30.9956;0.6095
30.9958;0.7155
30.9959;0.8333
31.0008;0.9511
31.0059;1.0807
31.0110;1.1985
31.0166;1.3045
31.0209;1.4105
31.0365;1.4929
31.0439;1.5636
31.0560;1.6107
31.0612;1.6461
31.0614;1.6696
31.0615;1.6814
31.0617;1.6932
31.0618;1.6814
31.0656;1.6696
31.0706;1.6578
31.0758;1.6461
31.0810;1.6225
31.0961;1.5989
31.1026;1.5400
31.1133;1.4576
31.1147;1.3751
31.1189;1.2574
31.1191;1.1396
31.1192;1.0218
31.1207;0.8922
31.1256;0.7862
31.1307;0.6802
31.1355;0.5860
31.1408;0.5153
31.1456;0.4446
31.1589;0.4093
31.1623;0.3740
31.1731;0.3504
31.1784;0.3386
31.1785;0.3269
31.1787;0.3269
31.1806;0.3269
31.1857;0.3269
31.1907;0.3269
31.1959;0.3386
31.2010;0.3386
31.2066;0.3386
31.2109;0.3386
31.2327;0.3386
31.2439;0.3504
31.2493;0.3622
31.2494;0.3857
31.2496;0.4093
31.2498;0.4446
31.2499;0.4800
31.2506;0.5271
31.2556;0.5742
31.2607;0.6331
31.2657;0.7038
31.2708;0.7744
31.2757;0.8451
31.2891;0.9040
31.2926;0.9629
31.3033;0.9982
31.3036;1.0218
31.3088;1.0336
31.3089;1.0453
31.3106;1.0571
31.3156;1.0571
31.3206;1.0571
31.3258;1.0453
31.3309;1.0336
31.3360;1.0336
31.3567;1.0218
31.3614;1.0100
31.3777;0.9865
31.3779;0.9511
31.3781;0.9040
31.3783;0.8333
31.3785;0.7627
31.3786;0.6802
31.3808;0.6095
31.3856;0.5506
31.3908;0.5035
31.3960;0.4682
31.4015;0.4329
31.4180;0.4093
31.4240;0.3857
31.4346;0.3740
31.4402;0.3740
31.4404;0.3740
31.4406;0.3740
31.4407;0.3740
31.4409;0.3740
31.4456;0.3740
31.4506;0.3740
31.4559;0.3740
31.4609;0.3740
31.4659;0.3740
31.4826;0.3740
31.4933;0.3740
31.4986;0.3740
31.4987;0.3622
31.4989;0.3504
31.4991;0.3386
31.5006;0.3269
31.5056;0.3269
31.5107;0.3269
31.5158;0.3269
31.5208;0.3269
31.5258;0.3269
31.5485;0.3269
31.5593;0.3269
31.5649;0.3269
31.5650;0.3269
31.5652;0.3269
31.5653;0.3269
31.5655;0.3269
31.5657;0.3269
31.5706;0.3269
31.5756;0.3269
31.5811;0.3269
31.5865;0.3269
31.5917;0.3269
31.6049;0.3269
31.6099;0.3269
31.6205;0.3269
31.6258;0.3269
31.6260;0.3269
31.6263;0.3269
31.6265;0.3269
31.6309;0.3269
31.6360;0.3269
31.6414;0.3269
31.6465;0.3269
31.6516;0.3269
31.6569;0.3269
31.6745;0.3269
31.6854;0.3269
31.6909;0.3269
31.6912;0.3269
31.6913;0.3269
31.6915;0.3269
31.6916;0.3269
31.6961;0.3269
31.7009;0.3269
31.7058;0.3269
31.7108;0.3269
31.7160;0.3269
31.7295;0.3269
31.7359;0.3269
31.7466;0.3269
31.7519;0.3269
31.7528;0.3269
31.7530;0.3269
31.7531;0.3269
31.7560;0.3269
31.7609;0.3269
31.7661;0.3269
31.7709;0.3269
31.7761;0.3269
31.7814;0.3269
31.7987;0.3269
31.8049;0.3269
31.8213;0.3269
31.8215;0.3269
31.8217;0.3269
31.8219;0.3269
31.8221;0.3269
31.8223;0.3269
31.8256;0.3269
31.8306;0.3269
31.8358;0.3269
31.8411;0.3269
31.8638;0.3269
31.8743;0.3269
31.8797;0.3269
31.8799;0.3269
31.8801;0.3269
31.8802;0.3269
31.8804;0.3269
31.8805;0.3269
31.8856;0.3269
31.8907;0.3269
31.8956;0.3269
31.9009;0.3269
31.9061;0.3269
31.9189;0.3269
31.9240;0.3269
31.9344;0.3269
31.9398;0.3269
31.9400;0.3269
31.9402;0.3269
31.9406;0.3269
31.9458;0.3269
31.9507;0.3269
31.9557;0.3269
31.9608;0.3269
31.9660;0.3269
31.9709;0.3269
31.9911;0.3269
32.0026;0.3269
32.0077;0.3269
32.0079;0.3269
32.0081;0.3269
32.0082;0.3269
32.0084;0.3269
32.0107;0.3269
32.0156;0.3269
32.0209;0.3269
32.0259;0.3269
32.0310;0.3269
32.0433;0.3269
32.0460;0.3269
32.0523;0.3269
32.0604;0.3269
32.0655;0.3269
32.0657;0.3269
32.0659;0.3269
32.0706;0.3269
32.0757;0.3269
32.0808;0.3269
32.0859;0.3269
32.0912;0.3269
32.0962;0.3269
32.1082;0.3269
32.1132;0.3269
32.1235;0.3269
32.1249;0.3269
32.1291;0.3269
32.1293;0.3269
32.1311;0.3269
32.1360;0.3269
32.1410;0.3269
32.1458;0.3269
32.1508;0.3269
32.1559;0.3269
32.1719;0.3269
32.1789;0.3269
32.1896;0.3269
32.1947;0.3269
32.1950;0.3269
32.1951;0.3269
32.1953;0.3269
32.1956;0.3269
32.2006;0.3269
32.2056;0.3269
32.2106;0.3269
32.2159;0.3269
32.2210;0.3269
32.2373;0.3269
32.2515;0.3269
32.2564;0.3269
32.2572;0.3269
32.2573;0.3269
32.2575;0.3269
32.2576;0.3269
32.2606;0.3269
32.2656;0.3269
32.2710;0.3269
32.2759;0.3269
32.2809;0.3269
32.2865;0.3269
32.3045;0.3269
32.3202;0.3269
32.3204;0.3269
32.3206;0.3269
32.3208;0.3269
32.3209;0.3269
32.3211;0.3269
32.3256;0.3269
32.3307;0.3269
32.3358;0.3269
32.3410;0.3269
32.3459;0.3269
32.3600;0.3269
32.3642;0.3269
32.3745;0.3269
32.3797;0.3269
32.3799;0.3269
32.3800;0.3269
32.3806;0.3269
32.3857;0.3269
32.3906;0.3269
32.3957;0.3269
32.4009;0.3269
32.4059;0.3269
32.4109;0.3269
32.4308;0.3269
32.4363;0.3269
32.4475;0.3269
32.4528;0.3269
32.4530;0.3269
32.4531;0.3269
32.4533;0.3269
32.4534;0.3269
32.4556;0.3269
32.4606;0.3269
32.4658;0.3269
32.4710;0.3269
32.4760;0.3269
32.4873;0.3269
32.4914;0.3269
32.5031;0.3269
32.5084;0.3269
32.5087;0.3269
32.5089;0.3269
32.5107;0.3269
32.5156;0.3269
32.5206;0.3269
32.5258;0.3269
32.5308;0.3269
32.5358;0.3269
32.5409;0.3269
32.5593;0.3269
32.5598;0.3269
32.5708;0.3269
32.5762;0.3269
32.5763;0.3269
32.5765;0.3269
32.5767;0.3269
32.5811;0.3269
32.5860;0.3269
32.5911;0.3269
32.5963;0.3269
32.6095;0.3269
32.6140;0.3269
32.6255;0.3269
32.6306;0.3269
32.6307;0.3269
32.6309;0.3269
32.6311;0.3269
32.6356;0.3269
32.6407;0.3269
32.6458;0.3269
32.6576;0.3269
32.6628;0.3269
32.6768;0.3269
32.6823;0.3269
32.6824;0.3269
32.6826;0.3269
32.6828;0.3269
32.6859;0.3269
32.6908;0.3269
32.6958;0.3269
32.7009;0.3269
32.7145;0.3269
32.7212;0.3269
32.7320;0.3269
32.7334;0.3269
32.7376;0.3269
32.7378;0.3269
32.7379;0.3269
32.7407;0.3269
32.7458;0.3269
32.7510;0.3269
32.7556;0.3269
32.7671;0.3269
32.7729;0.3269
32.7837;0.3269
32.7840;0.3269
32.7893;0.3269
32.7896;0.3269
32.7906;0.3269
32.7957;0.3269
32.8007;0.3269
32.8057;0.3269
32.8109;0.3269
32.8200;0.3269
32.8244;0.3269
32.8404;0.3269
32.8406;0.3269
32.8408;0.3269
32.8410;0.3269
32.8456;0.3269
32.8507;0.3269
32.8557;0.3269
32.8609;0.3269
32.8657;0.3269
32.8771;0.3269
32.8842;0.3269
32.8918;0.3269
32.8971;0.3269
32.8974;0.3269
32.8975;0.3269
32.9006;0.3269
32.9056;0.3269
32.9110;0.3269
32.9157;0.3269
32.9278;0.3269
32.9356;0.3269
32.9450;0.3269
32.9503;0.3269
32.9505;0.3269
32.9506;0.3269
32.9507;0.3269
32.9556;0.3269
32.9606;0.3269
32.9656;0.3269
32.9808;0.3269
32.9888;0.3269
32.9998;0.3269
33.0051;0.3269
33.0053;0.3269
33.0055;0.3269
33.0056;0.3269
33.0058;0.3269
33.0106;0.3269
33.0157;0.3269
33.0208;0.3269
33.0258;0.3269
33.0308;0.3269
33.0432;0.3269
33.0471;0.3269
33.0581;0.3269
33.0632;0.3269
33.0634;0.3269
33.0636;0.3269
33.0656;0.3269
33.0707;0.3269
33.0757;0.3269
33.0810;0.3269
33.0862;0.3269
33.0911;0.3269
33.1055;0.3269
33.1118;0.3269
33.1228;0.3269
33.1283;0.3269
33.1284;0.3269
33.1286;0.3269
33.1287;0.3269
33.1306;0.3269
33.1357;0.3269
33.1406;0.3269
33.1459;0.3269
33.1509;0.3269
33.1559;0.3269
33.1682;0.3269
33.1732;0.3269
33.1889;0.3269
33.1891;0.3269
33.1893;0.3269
33.1894;0.3269
33.1906;0.3269
33.1956;0.3269
33.2006;0.3269
33.2057;0.3269
33.2107;0.3269
33.2158;0.3269
33.2208;0.3269
33.2417;0.3269
33.2531;0.3269
33.2584;0.3269
33.2587;0.3269
33.2588;0.3269
33.2590;0.3269
33.2592;0.3269
33.2606;0.3269
33.2657;0.3269
33.2707;0.3269
33.2829;0.3269
33.2911;0.3269
33.3058;0.3269
33.3060;0.3269
33.3062;0.3269
33.3063;0.3269
33.3065;0.3269
33.3109;0.3269
33.3160;0.3269
33.3209;0.3269
33.3259;0.3269
33.3421;0.3269
33.3495;0.3269
33.3619;0.3269
33.3670;0.3269
33.3674;0.3269
33.3676;0.3269
33.3677;0.3269
33.3679;0.3269
33.3707;0.3269
33.3757;0.3269
33.3809;0.3269
33.3861;0.3269
33.4005;0.3269
33.4159;0.3269
33.4173;0.3269
33.4215;0.3269
33.4217;0.3269
33.4219;0.3269
33.4220;0.3269
33.4257;0.3269
33.4307;0.3269
33.4356;0.3269
33.4409;0.3269
33.4507;0.3269
33.4576;0.3269
33.4612;0.3269
33.4661;0.3269
33.4675;0.3269
33.4717;0.3269
33.4757;0.3269
33.4806;0.3269
33.4858;0.3269
33.4908;0.3269
33.5048;0.3269
33.5092;0.3269
33.5198;0.3269
33.5251;0.3269
33.5253;0.3269
33.5255;0.3269
33.5256;0.3269
33.5306;0.3269
33.5357;0.3269
33.5407;0.3269
33.5456;0.3269
33.5509;0.3269
33.5639;0.3269
33.5696;0.3269
33.5760;0.3269
33.5813;0.3269
33.5815;0.3269
33.5817;0.3269
33.5864;0.3269
33.5909;0.3269
33.5957;0.3269
33.6009;0.3269
33.6155;0.3269
33.6219;0.3269
33.6331;0.3269
33.6333;0.3269
33.6334;0.3269
33.6337;0.3269
33.6357;0.3269
33.6406;0.3269
33.6456;0.3269
33.6508;0.3269
33.6557;0.3269
33.6750;0.3269
33.6865;0.3269
33.6919;0.3269
33.6922;0.3269
33.6924;0.3269
33.6925;0.3386
33.6927;0.3386
33.6957;0.3386
33.7006;0.3386
33.7058;0.3269
33.7110;0.3269
33.7257;0.3269
33.7414;0.3269
33.7416;0.3269
33.7418;0.3269
33.7420;0.3269
33.7421;0.3269
33.7457;0.3269
33.7506;0.3269
33.7560;0.3269
33.7609;0.3269
33.7659;0.3269
33.7709;0.3269
33.7759;0.3269
33.7887;0.3269
33.7950;0.3269
33.8032;0.3269
33.8047;0.3269
33.8088;0.3269
33.8090;0.3269
33.8107;0.3269
33.8156;0.3269
33.8207;0.3269
33.8259;0.3269
33.8311;0.3269
33.8363;0.3269
33.8471;0.3269
33.8530;0.3269
33.8611;0.3269
33.8656;0.3269
33.8713;0.3269
33.8715;0.3269
33.8717;0.3269
33.8761;0.3269
33.8811;0.3269
33.8860;0.3269
33.8910;0.3269
33.8956;0.3269
33.9073;0.3269
33.9182;0.3269
33.9198;0.3269
33.9243;0.3269
33.9245;0.3269
33.9256;0.3269
33.9306;0.3269
33.9358;0.3269
33.9407;0.3269
33.9458;0.3269
33.9613;0.3269
33.9667;0.3269
33.9774;0.3269
33.9828;0.3269
33.9830;0.3269
33.9832;0.3269
33.9834;0.3269
33.9856;0.3269
33.9907;0.3269
33.9956;0.3269
34.0009;0.3269
34.0059;0.3269
34.0110;0.3269
34.0277;0.3269
34.0387;0.3269
34.0392;0.3269
34.0445;0.3269
34.0446;0.3269
34.0448;0.3269
34.0456;0.3269
34.0506;0.3269
34.0557;0.3269
34.0608;0.3269
34.0740;0.3269
34.0880;0.3269
34.0934;0.3269
34.0935;0.3269
34.0937;0.3269
34.0939;0.3269
34.0956;0.3269
34.1007;0.3269
34.1060;0.3269
34.1109;0.3269
34.1159;0.3269
34.1332;0.3269
34.1468;0.3269
34.1482;0.3269
34.1523;0.3269
34.1525;0.3269
34.1526;0.3269
34.1528;0.3269
34.1558;0.3269
34.1607;0.3269
34.1656;0.3269
34.1709;0.3269
34.1760;0.3269
34.1810;0.3269
34.2008;0.3269
34.2064;0.3269
34.2228;0.3269
34.2230;0.3269
34.2232;0.3269
34.2234;0.3269
34.2235;0.3269
34.2237;0.3269
34.2256;0.3269
34.2306;0.3269
34.2357;0.3269
34.2408;0.3269
34.2458;0.3269
34.2586;0.3269
34.2632;0.3269
34.2737;0.3269
34.2789;0.3269
34.2791;0.3269
34.2793;0.3269
34.2807;0.3269
34.2856;0.3269
34.2906;0.3269
34.2959;0.3269
34.3008;0.3269
34.3058;0.3269
34.3138;0.3269
34.3311;0.3269
34.3423;0.3269
34.3430;0.3269
34.3481;0.3269
34.3482;0.3269
34.3484;0.3269
34.3486;0.3269
34.3507;0.3269
34.3556;0.3269
34.3606;0.3269
34.3658;0.3269
34.3707;0.3269
34.3845;0.3269
34.3889;0.3269
34.3995;0.3269
34.4047;0.3269
34.4049;0.3269
34.4050;0.3269
34.4057;0.3269
34.4106;0.3269
34.4156;0.3269
34.4208;0.3269
34.4259;0.3269
34.4309;0.3269
34.4359;0.3269
34.4544;0.3269
34.4550;0.3269
34.4713;0.3269
34.4715;0.3269
34.4717;0.3269
34.4718;0.3269
34.4720;0.3269
34.4756;0.3269
34.4806;0.3269
34.4857;0.3269
34.4906;0.3269
34.4956;0.3269
34.5091;0.3269
34.5138;0.3269
34.5142;0.3269
34.5294;0.3269
34.5296;0.3269
34.5298;0.3269
34.5306;0.3269
34.5356;0.3269
